{
"__comment": "Designed by FirecatHD",
"textures": {
    "particle": "items/wynn/weapons/bow/earth_crossbow_t2",
    "texture": "items/wynn/weapons/bow/earth_crossbow_t2"
},
"elements": [ 
{
    "from": [ 0, 3, 7 ],
    "to": [ 16, 4, 8 ],
    "faces": {
        "down":  { "uv": [ 0, 12, 10.5, 13 ], "texture": "#texture" },
        "up":    { "uv": [ 0, 12, 10.5, 13 ], "texture": "#texture" },
        "north": { "uv": [ 0, 10.5, 10.5, 11.5 ], "texture": "#texture" },
        "south": { "uv": [ 0, 10.5, 10.5, 11.5 ], "texture": "#texture" },
        "west":  { "uv": [ 9, 12, 10, 13 ], "texture": "#texture" },
        "east":  { "uv": [ 9, 12, 10, 13 ], "texture": "#texture" }
    }
},
{
    "from": [ 0, 3, 9 ],
    "to": [ 16, 4, 10 ],
    "faces": {
        "down":  { "uv": [ 0, 12, 10.5, 13 ], "texture": "#texture" },
        "up":    { "uv": [ 0, 12, 10.5, 13 ], "texture": "#texture" },
        "north": { "uv": [ 0, 10.5, 10.5, 11.5 ], "texture": "#texture" },
        "south": { "uv": [ 0, 10.5, 10.5, 11.5 ], "texture": "#texture" },
        "west":  { "uv": [ 9, 12, 10, 13 ], "texture": "#texture" },
        "east":  { "uv": [ 9, 12, 10, 13 ], "texture": "#texture" }
    }
},
{
    "from": [ -2, 4, 8 ],
    "to": [ 11.5, 5, 9 ],
    "faces": {
        "down":  { "uv": [ 0, 14.5, 10.5, 15.5 ], "texture": "#texture" },
        "up":    { "uv": [ 0, 14.5, 10.5, 15.5 ], "texture": "#texture" },
        "north": { "uv": [ 0, 13.5, 10.5, 14.5 ], "texture": "#texture" },
        "south": { "uv": [ 0, 13.5, 10.5, 14.5 ], "texture": "#texture" },
        "west":  { "uv": [ 8.5, 14, 9.5, 15 ], "texture": "#texture" },
        "east":  { "uv": [ 8.5, 14, 9.5, 15 ], "texture": "#texture" }
    }
},
{
    "from": [ -1, 4, 4 ],
    "to": [ 0, 5, 8 ],
    "faces": {
        "down":  { "uv": [ 2, 0, 3, 3.5 ], "texture": "#texture" },
        "up":    { "uv": [ 2, 0, 3, 3.5 ], "texture": "#texture" },
        "north": { "uv": [ 8, 1.5, 9, 2.5 ], "texture": "#texture" },
        "south": { "uv": [ 8, 1.5, 9, 2.5 ], "texture": "#texture" },
        "west":  { "uv": [ 6, 2, 11, 3 ], "texture": "#texture" },
        "east":  { "uv": [ 6, 2, 11, 3 ], "texture": "#texture" }
    }
},
{
    "from": [ -1, 4, 13 ],
    "to": [ 0, 5, 17 ],
    "rotation": { "origin": [ -1, 4, 13 ], "axis": "y", "angle": 22.5 },
    "faces": {
        "down":  { "uv": [ 2, 0, 3, 3.5 ], "texture": "#texture" },
        "up":    { "uv": [ 2, 0, 3, 3.5 ], "texture": "#texture" },
        "north": { "uv": [ 8, 1.5, 9, 2.5 ], "texture": "#texture" },
        "south": { "uv": [ 8, 1.5, 9, 2.5 ], "texture": "#texture" },
        "west":  { "uv": [ 6, 2, 11, 3 ], "texture": "#texture" },
        "east":  { "uv": [ 6, 2, 11, 3 ], "texture": "#texture" }
    }
},
{
    "from": [ 0.5625, 4, 16.6875 ],
    "to": [ 1.5625, 5, 21.6875 ],
    "rotation": { "origin": [ 0.5625, 4, 16.6875 ], "axis": "y", "angle": 45 },
    "faces": {
        "down":  { "uv": [ 2, 0, 3, 3.5 ], "texture": "#texture" },
        "up":    { "uv": [ 2, 0, 3, 3.5 ], "texture": "#texture" },
        "north": { "uv": [ 8, 1.5, 9, 2.5 ], "texture": "#texture" },
        "south": { "uv": [ 8, 1.5, 9, 2.5 ], "texture": "#texture" },
        "west":  { "uv": [ 6, 2, 11, 3 ], "texture": "#texture" },
        "east":  { "uv": [ 6, 2, 11, 3 ], "texture": "#texture" }
    }
},
{
    "from": [ 0.5625, 4, 0.3125 ],
    "to": [ 1.5625, 5, 4.3125 ],
    "rotation": { "origin": [ 0.5625, 4, 0.3125 ], "axis": "y", "angle": -22.5 },
    "faces": {
        "down":  { "uv": [ 2, 0, 3, 3.5 ], "texture": "#texture" },
        "up":    { "uv": [ 2, 0, 3, 3.5 ], "texture": "#texture" },
        "north": { "uv": [ 8, 1.5, 9, 2.5 ], "texture": "#texture" },
        "south": { "uv": [ 8, 1.5, 9, 2.5 ], "texture": "#texture" },
        "west":  { "uv": [ 6, 2, 11, 3 ], "texture": "#texture" },
        "east":  { "uv": [ 6, 2, 11, 3 ], "texture": "#texture" }
    }
},
{
    "from": [ 4.125, 4, -3.25 ],
    "to": [ 5.125, 5, 1.75 ],
    "rotation": { "origin": [ 4.125, 4, -3.25 ], "axis": "y", "angle": -45 },
    "faces": {
        "down":  { "uv": [ 2, 0, 3, 3.5 ], "texture": "#texture" },
        "up":    { "uv": [ 2, 0, 3, 3.5 ], "texture": "#texture" },
        "north": { "uv": [ 8, 1.5, 9, 2.5 ], "texture": "#texture" },
        "south": { "uv": [ 8, 1.5, 9, 2.5 ], "texture": "#texture" },
        "west":  { "uv": [ 6, 2, 11, 3 ], "texture": "#texture" },
        "east":  { "uv": [ 6, 2, 11, 3 ], "texture": "#texture" }
    }
},
{
    "from": [ -1, 4, 9 ],
    "to": [ 0, 5, 13 ],
    "faces": {
        "down":  { "uv": [ 2, 0, 3, 3.5 ], "texture": "#texture" },
        "up":    { "uv": [ 2, 0, 3, 3.5 ], "texture": "#texture" },
        "north": { "uv": [ 8, 1.5, 9, 2.5 ], "texture": "#texture" },
        "south": { "uv": [ 8, 1.5, 9, 2.5 ], "texture": "#texture" },
        "west":  { "uv": [ 6, 2, 11, 3 ], "texture": "#texture" },
        "east":  { "uv": [ 6, 2, 11, 3 ], "texture": "#texture" }
    }
},
{
    "from": [ -1, 3, 8 ],
    "to": [ 16.5, 4, 9 ],
    "faces": {
        "down":  { "uv": [ 0, 12, 10.5, 13 ], "texture": "#texture" },
        "up":    { "uv": [ 0, 12, 10.5, 13 ], "texture": "#texture" },
        "north": { "uv": [ 0, 10.5, 10.5, 11.5 ], "texture": "#texture" },
        "south": { "uv": [ 0, 10.5, 10.5, 11.5 ], "texture": "#texture" },
        "west":  { "uv": [ 9, 12, 10, 13 ], "texture": "#texture" },
        "east":  { "uv": [ 9, 12, 10, 13 ], "texture": "#texture" }
    }
},
{
    "from": [ 14, 2, 8 ],
    "to": [ 17.5, 3, 9 ],
    "faces": {
        "down":  { "uv": [ 0, 12, 10.5, 13 ], "texture": "#texture" },
        "up":    { "uv": [ 0, 12, 10.5, 13 ], "texture": "#texture" },
        "north": { "uv": [ 0, 10.5, 10.5, 11.5 ], "texture": "#texture" },
        "south": { "uv": [ 0, 10.5, 10.5, 11.5 ], "texture": "#texture" },
        "west":  { "uv": [ 9, 12, 10, 13 ], "texture": "#texture" },
        "east":  { "uv": [ 9, 12, 10, 13 ], "texture": "#texture" }
    }
},
{
    "from": [ 11.5, 4, 7.5 ],
    "to": [ 15, 5, 9.5 ],
    "faces": {
        "down":  { "uv": [ 11.5, 7.5, 15, 9.5 ], "texture": "#texture" },
        "up":    { "uv": [ 11.5, 7.5, 15, 9.5 ], "texture": "#texture" },
        "north": { "uv": [ 10.5, 7.5, 14, 8.5 ], "texture": "#texture" },
        "south": { "uv": [ 10.5, 7.5, 14, 8.5 ], "texture": "#texture" },
        "west":  { "uv": [ 10.5, 8.5, 12.5, 9.5 ], "texture": "#texture" },
        "east":  { "uv": [ 10.5, 8.5, 12.5, 9.5 ], "texture": "#texture" }
    }
},
{
    "from": [ 15, 1, 8 ],
    "to": [ 18, 2, 9 ],
    "faces": {
        "down":  { "uv": [ 0, 12, 10.5, 13 ], "texture": "#texture" },
        "up":    { "uv": [ 0, 12, 10.5, 13 ], "texture": "#texture" },
        "north": { "uv": [ 0, 10.5, 10.5, 11.5 ], "texture": "#texture" },
        "south": { "uv": [ 0, 10.5, 10.5, 11.5 ], "texture": "#texture" },
        "west":  { "uv": [ 9, 12, 10, 13 ], "texture": "#texture" },
        "east":  { "uv": [ 9, 12, 10, 13 ], "texture": "#texture" }
    }
},
{
    "from": [ 15, 4, 7.5 ],
    "to": [ 15.5, 4.5, 9.5 ],
    "faces": {
        "down":  { "uv": [ 8, 10.5, 8.5, 12.5 ], "texture": "#texture" },
        "up":    { "uv": [ 8, 10.5, 8.5, 12.5 ], "texture": "#texture" },
        "north": { "uv": [ 3.5, 10.5, 5.5, 12.5 ], "texture": "#texture" },
        "south": { "uv": [ 3.5, 10.5, 5.5, 12.5 ], "texture": "#texture" },
        "west":  { "uv": [ 2.5, 12.5, 4.5, 13 ], "texture": "#texture" },
        "east":  { "uv": [ 2.5, 12.5, 4.5, 13 ], "texture": "#texture" }
    }
},
{
    "from": [ 9.5, 0, 8 ],
    "to": [ 10.5, 2.5, 9 ],
    "rotation": { "origin": [ 9.5, 2.5, 8 ], "axis": "z", "angle": 45 },
    "faces": {
        "down":  { "uv": [ 7, 14, 8, 15 ], "texture": "#texture" },
        "up":    { "uv": [ 7, 14, 8, 15 ], "texture": "#texture" },
        "north": { "uv": [ 9.5, 13.5, 10.5, 16 ], "texture": "#texture" },
        "south": { "uv": [ 9.5, 13.5, 10.5, 16 ], "texture": "#texture" },
        "west":  { "uv": [ 8, 13.5, 9, 16 ], "texture": "#texture" },
        "east":  { "uv": [ 8, 13.5, 9, 16 ], "texture": "#texture" }
    }
},
{
    "from": [ 0, 2, 8 ],
    "to": [ 9, 3, 9 ],
    "faces": {
        "down":  { "uv": [ 0, 12, 10.5, 13 ], "texture": "#texture" },
        "up":    { "uv": [ 0, 12, 10.5, 13 ], "texture": "#texture" },
        "north": { "uv": [ 0, 10.5, 10.5, 11.5 ], "texture": "#texture" },
        "south": { "uv": [ 0, 10.5, 10.5, 11.5 ], "texture": "#texture" },
        "west":  { "uv": [ 9, 12, 10, 13 ], "texture": "#texture" },
        "east":  { "uv": [ 9, 12, 10, 13 ], "texture": "#texture" }
    }
},
{
    "from": [ 15, 2, 9 ],
    "to": [ 17, 3, 10 ],
    "faces": {
        "down":  { "uv": [ 7.5, 10.5, 9.5, 11.5 ], "texture": "#texture" },
        "up":    { "uv": [ 7.5, 10.5, 9.5, 11.5 ], "texture": "#texture" },
        "north": { "uv": [ 3, 10.5, 5, 11.5 ], "texture": "#texture" },
        "south": { "uv": [ 3, 10.5, 5, 11.5 ], "texture": "#texture" },
        "west":  { "uv": [ 5.5, 11.5, 6.5, 12.5 ], "texture": "#texture" },
        "east":  { "uv": [ 5.5, 11.5, 6.5, 12.5 ], "texture": "#texture" }
    }
},
{
    "from": [ 15, 2, 7 ],
    "to": [ 17, 3, 8 ],
    "faces": {
        "down":  { "uv": [ 7.5, 10.5, 9.5, 11.5 ], "texture": "#texture" },
        "up":    { "uv": [ 7.5, 10.5, 9.5, 11.5 ], "texture": "#texture" },
        "north": { "uv": [ 3, 10.5, 5, 11.5 ], "texture": "#texture" },
        "south": { "uv": [ 3, 10.5, 5, 11.5 ], "texture": "#texture" },
        "west":  { "uv": [ 5.5, 11.5, 6.5, 12.5 ], "texture": "#texture" },
        "east":  { "uv": [ 5.5, 11.5, 6.5, 12.5 ], "texture": "#texture" }
    }
},
{
    "from": [ 16, 1, 9 ],
    "to": [ 17, 2, 10 ],
    "faces": {
        "down":  { "uv": [ 7.5, 10.5, 9.5, 11.5 ], "texture": "#texture" },
        "up":    { "uv": [ 7.5, 10.5, 9.5, 11.5 ], "texture": "#texture" },
        "north": { "uv": [ 3, 10.5, 5, 11.5 ], "texture": "#texture" },
        "south": { "uv": [ 3, 10.5, 5, 11.5 ], "texture": "#texture" },
        "west":  { "uv": [ 5.5, 11.5, 6.5, 12.5 ], "texture": "#texture" },
        "east":  { "uv": [ 5.5, 11.5, 6.5, 12.5 ], "texture": "#texture" }
    }
},
{
    "from": [ 16, 1, 7 ],
    "to": [ 17, 2, 8 ],
    "faces": {
        "down":  { "uv": [ 7.5, 10.5, 9.5, 11.5 ], "texture": "#texture" },
        "up":    { "uv": [ 7.5, 10.5, 9.5, 11.5 ], "texture": "#texture" },
        "north": { "uv": [ 3, 10.5, 5, 11.5 ], "texture": "#texture" },
        "south": { "uv": [ 3, 10.5, 5, 11.5 ], "texture": "#texture" },
        "west":  { "uv": [ 5.5, 11.5, 6.5, 12.5 ], "texture": "#texture" },
        "east":  { "uv": [ 5.5, 11.5, 6.5, 12.5 ], "texture": "#texture" }
    }
},
{
    "from": [ 16, 0, 8 ],
    "to": [ 17, 1, 9 ],
    "faces": {
        "down":  { "uv": [ 7.5, 10.5, 9.5, 11.5 ], "texture": "#texture" },
        "up":    { "uv": [ 7.5, 10.5, 9.5, 11.5 ], "texture": "#texture" },
        "north": { "uv": [ 3, 10.5, 5, 11.5 ], "texture": "#texture" },
        "south": { "uv": [ 3, 10.5, 5, 11.5 ], "texture": "#texture" },
        "west":  { "uv": [ 5.5, 11.5, 6.5, 12.5 ], "texture": "#texture" },
        "east":  { "uv": [ 5.5, 11.5, 6.5, 12.5 ], "texture": "#texture" }
    }
},
{
    "from": [ -1, 5, 7.5 ],
    "to": [ 0, 5.5, 8 ],
    "faces": {
        "down":  { "uv": [ 7.5, 4.5, 10.5, 6 ], "texture": "#texture" },
        "up":    { "uv": [ 7.5, 4.5, 10.5, 6 ], "texture": "#texture" },
        "north": { "uv": [ 3.5, 4.5, 5, 6 ], "texture": "#texture" },
        "south": { "uv": [ 3.5, 4.5, 5, 6 ], "texture": "#texture" },
        "west":  { "uv": [ 11, 4, 12, 6.5 ], "texture": "#texture" },
        "east":  { "uv": [ 11, 4, 12, 6.5 ], "texture": "#texture" }
    }
},
{
    "from": [ -1, 5, 9 ],
    "to": [ 0, 5.5, 9.5 ],
    "faces": {
        "down":  { "uv": [ 7.5, 4.5, 10.5, 6 ], "texture": "#texture" },
        "up":    { "uv": [ 7.5, 4.5, 10.5, 6 ], "texture": "#texture" },
        "north": { "uv": [ 3.5, 4.5, 5, 6 ], "texture": "#texture" },
        "south": { "uv": [ 3.5, 4.5, 5, 6 ], "texture": "#texture" },
        "west":  { "uv": [ 11, 4, 12, 6.5 ], "texture": "#texture" },
        "east":  { "uv": [ 11, 4, 12, 6.5 ], "texture": "#texture" }
    }
},
{
    "from": [ 13, 5, 8.25 ],
    "to": [ 14, 5.5, 8.75 ],
    "faces": {
        "down":  { "uv": [ 9, 14, 10.5, 15 ], "texture": "#texture" },
        "up":    { "uv": [ 9, 14, 10.5, 15 ], "texture": "#texture" },
        "north": { "uv": [ 4, 14, 5.5, 15 ], "texture": "#texture" },
        "south": { "uv": [ 4, 14, 5.5, 15 ], "texture": "#texture" },
        "west":  { "uv": [ 2.5, 14, 3.5, 15 ], "texture": "#texture" },
        "east":  { "uv": [ 2.5, 14, 3.5, 15 ], "texture": "#texture" }
    }
},
{
    "from": [ 0, 2.5, 7.5 ],
    "to": [ 16, 3, 8 ],
    "faces": {
        "down":  { "uv": [ 0, 12, 10.5, 13 ], "texture": "#texture" },
        "up":    { "uv": [ 0, 12, 10.5, 13 ], "texture": "#texture" },
        "north": { "uv": [ 0, 10.5, 10.5, 11.5 ], "texture": "#texture" },
        "south": { "uv": [ 0, 10.5, 10.5, 11.5 ], "texture": "#texture" },
        "west":  { "uv": [ 9, 12, 10, 13 ], "texture": "#texture" },
        "east":  { "uv": [ 9, 12, 10, 13 ], "texture": "#texture" }
    }
},
{
    "from": [ 0, 2.5, 8.5 ],
    "to": [ 16, 3, 9.5 ],
    "faces": {
        "down":  { "uv": [ 0, 12, 10.5, 13 ], "texture": "#texture" },
        "up":    { "uv": [ 0, 12, 10.5, 13 ], "texture": "#texture" },
        "north": { "uv": [ 0, 10.5, 10.5, 11.5 ], "texture": "#texture" },
        "south": { "uv": [ 0, 10.5, 10.5, 11.5 ], "texture": "#texture" },
        "west":  { "uv": [ 9, 12, 10, 13 ], "texture": "#texture" },
        "east":  { "uv": [ 9, 12, 10, 13 ], "texture": "#texture" }
    }
},
{
    "from": [ -2.5, 4.25, 8.25 ],
    "to": [ -2, 4.75, 8.75 ],
    "faces": {
        "down":  { "uv": [ 15, 11.5, 15.5, 12 ], "texture": "#texture" },
        "up":    { "uv": [ 15, 11.5, 15.5, 12 ], "texture": "#texture" },
        "north": { "uv": [ 14.5, 11, 15, 11.5 ], "texture": "#texture" },
        "south": { "uv": [ 14.5, 11, 15, 11.5 ], "texture": "#texture" },
        "west":  { "uv": [ 15, 11, 15.5, 11.5 ], "texture": "#texture" },
        "east":  { "uv": [ 15, 11, 15.5, 11.5 ], "texture": "#texture" }
    }
},
{
    "from": [ 4, 3.75, 19.25 ],
    "to": [ 5.5, 5.25, 20.75 ],
    "faces": {
        "down":  { "uv": [ 8, 13.5, 10, 15.5 ], "texture": "#texture" },
        "up":    { "uv": [ 8, 13.5, 10, 15.5 ], "texture": "#texture" },
        "north": { "uv": [ 5, 13.5, 7.5, 16 ], "texture": "#texture" },
        "south": { "uv": [ 5, 13.5, 7.5, 16 ], "texture": "#texture" },
        "west":  { "uv": [ 8, 13.5, 10.5, 16 ], "texture": "#texture" },
        "east":  { "uv": [ 8, 13.5, 10.5, 16 ], "texture": "#texture" }
    }
},
{
    "from": [ 4, 3.75, -3.75 ],
    "to": [ 5.5, 5.25, -2.25 ],
    "faces": {
        "down":  { "uv": [ 8, 13.5, 10, 15.5 ], "texture": "#texture" },
        "up":    { "uv": [ 8, 13.5, 10, 15.5 ], "texture": "#texture" },
        "north": { "uv": [ 5, 13.5, 7.5, 16 ], "texture": "#texture" },
        "south": { "uv": [ 5, 13.5, 7.5, 16 ], "texture": "#texture" },
        "west":  { "uv": [ 8, 13.5, 10.5, 16 ], "texture": "#texture" },
        "east":  { "uv": [ 8, 13.5, 10.5, 16 ], "texture": "#texture" }
    }
},
{
    "from": [ -0.5, 3, 7.5 ],
    "to": [ 0, 4, 8 ],
    "faces": {
        "down":  { "uv": [ 1.5, 13, 2, 13.5 ], "texture": "#texture" },
        "up":    { "uv": [ 1.5, 13, 2, 13.5 ], "texture": "#texture" },
        "north": { "uv": [ 0, 12.5, 0.5, 13.5 ], "texture": "#texture" },
        "south": { "uv": [ 0, 12.5, 0.5, 13.5 ], "texture": "#texture" },
        "west":  { "uv": [ 9, 12, 9.5, 13 ], "texture": "#texture" },
        "east":  { "uv": [ 9, 12, 9.5, 13 ], "texture": "#texture" }
    }
},
{
    "from": [ -0.5, 3, 9 ],
    "to": [ 0, 4, 9.5 ],
    "faces": {
        "down":  { "uv": [ 1.5, 13, 2, 13.5 ], "texture": "#texture" },
        "up":    { "uv": [ 1.5, 13, 2, 13.5 ], "texture": "#texture" },
        "north": { "uv": [ 0, 12.5, 0.5, 13.5 ], "texture": "#texture" },
        "south": { "uv": [ 0, 12.5, 0.5, 13.5 ], "texture": "#texture" },
        "west":  { "uv": [ 9, 12, 9.5, 13 ], "texture": "#texture" },
        "east":  { "uv": [ 9, 12, 9.5, 13 ], "texture": "#texture" }
    }
},
{
    "from": [ -0.5, 2.5, 8 ],
    "to": [ 0.5, 3, 9 ],
    "faces": {
        "down":  { "uv": [ 1.5, 13, 2, 13.5 ], "texture": "#texture" },
        "up":    { "uv": [ 1.5, 13, 2, 13.5 ], "texture": "#texture" },
        "north": { "uv": [ 0, 12.5, 0.5, 13.5 ], "texture": "#texture" },
        "south": { "uv": [ 0, 12.5, 0.5, 13.5 ], "texture": "#texture" },
        "west":  { "uv": [ 9, 12, 9.5, 13 ], "texture": "#texture" },
        "east":  { "uv": [ 9, 12, 9.5, 13 ], "texture": "#texture" }
    }
},
{
    "from": [ 0, 4, 3.5 ],
    "to": [ 2, 5, 3.5625 ],
    "rotation": { "origin": [ 0, 4, 3.5 ], "axis": "y", "angle": 22.5 },
    "faces": {
        "north": { "uv": [ 5, 1, 7, 2 ], "texture": "#texture" },
        "south": { "uv": [ 5, 1, 7, 2 ], "texture": "#texture" }
    }
},
{
    "from": [ 1.5, 4, 0.5 ],
    "to": [ 3.5, 5, 0.5625 ],
    "rotation": { "origin": [ 1.5, 4, 0.5 ], "axis": "y", "angle": 22.5 },
    "faces": {
        "north": { "uv": [ 5, 1, 7, 2 ], "texture": "#texture" },
        "south": { "uv": [ 5, 1, 7, 2 ], "texture": "#texture" }
    }
},
{
    "from": [ 0.5, 4, 2 ],
    "to": [ 2.5, 5, 2.0625 ],
    "rotation": { "origin": [ 0.5, 4, 2 ], "axis": "y", "angle": 22.5 },
    "faces": {
        "north": { "uv": [ 5, 1, 7, 2 ], "texture": "#texture" },
        "south": { "uv": [ 5, 1, 7, 2 ], "texture": "#texture" }
    }
},
{
    "from": [ 0, 4, 5 ],
    "to": [ 2, 5, 5.0625 ],
    "rotation": { "origin": [ 0, 4, 5 ], "axis": "y", "angle": 22.5 },
    "faces": {
        "north": { "uv": [ 5, 1, 7, 2 ], "texture": "#texture" },
        "south": { "uv": [ 5, 1, 7, 2 ], "texture": "#texture" }
    }
},
{
    "from": [ 0, 4, 6.5 ],
    "to": [ 2, 5, 6.5625 ],
    "rotation": { "origin": [ 0, 4, 6.5 ], "axis": "y", "angle": 22.5 },
    "faces": {
        "north": { "uv": [ 5, 1, 7, 2 ], "texture": "#texture" },
        "south": { "uv": [ 5, 1, 7, 2 ], "texture": "#texture" }
    }
},
{
    "from": [ -1, 3.75, 3.5 ],
    "to": [ 0.5, 5.25, 4 ],
    "rotation": { "origin": [ -1, 3.75, 3.5 ], "axis": "y", "angle": -22.5 },
    "faces": {
        "down":  { "uv": [ 7.5, 4.5, 10.5, 6 ], "texture": "#texture" },
        "up":    { "uv": [ 7.5, 4.5, 10.5, 6 ], "texture": "#texture" },
        "north": { "uv": [ 3.5, 4.5, 5, 6 ], "texture": "#texture" },
        "south": { "uv": [ 3.5, 4.5, 5, 6 ], "texture": "#texture" },
        "west":  { "uv": [ 11, 4, 12, 6.5 ], "texture": "#texture" },
        "east":  { "uv": [ 11, 4, 12, 6.5 ], "texture": "#texture" }
    }
},
{
    "from": [ 0.5875, 3.75, 0 ],
    "to": [ 2.0875, 5.25, 0.5 ],
    "rotation": { "origin": [ 0.5875, 3.75, 0 ], "axis": "y", "angle": -22.5 },
    "faces": {
        "down":  { "uv": [ 7.5, 4.5, 10.5, 6 ], "texture": "#texture" },
        "up":    { "uv": [ 7.5, 4.5, 10.5, 6 ], "texture": "#texture" },
        "north": { "uv": [ 3.5, 4.5, 5, 6 ], "texture": "#texture" },
        "south": { "uv": [ 3.5, 4.5, 5, 6 ], "texture": "#texture" },
        "west":  { "uv": [ 11, 4, 12, 6.5 ], "texture": "#texture" },
        "east":  { "uv": [ 11, 4, 12, 6.5 ], "texture": "#texture" }
    }
},
{
    "from": [ 0, 4, 10.5 ],
    "to": [ 2, 5, 10.5625 ],
    "rotation": { "origin": [ 0, 4, 10.5 ], "axis": "y", "angle": -22.5 },
    "faces": {
        "north": { "uv": [ 5, 1, 7, 2 ], "texture": "#texture" },
        "south": { "uv": [ 5, 1, 7, 2 ], "texture": "#texture" }
    }
},
{
    "from": [ 0, 4, 12 ],
    "to": [ 2, 5, 12.0625 ],
    "rotation": { "origin": [ 0, 4, 12 ], "axis": "y", "angle": -22.5 },
    "faces": {
        "north": { "uv": [ 5, 1, 7, 2 ], "texture": "#texture" },
        "south": { "uv": [ 5, 1, 7, 2 ], "texture": "#texture" }
    }
},
{
    "from": [ 0, 4, 13.5 ],
    "to": [ 2, 5, 13.5625 ],
    "rotation": { "origin": [ 0, 4, 13.5 ], "axis": "y", "angle": -22.5 },
    "faces": {
        "north": { "uv": [ 5, 1, 7, 2 ], "texture": "#texture" },
        "south": { "uv": [ 5, 1, 7, 2 ], "texture": "#texture" }
    }
},
{
    "from": [ 0.5, 4, 15 ],
    "to": [ 2.5, 5, 15.0625 ],
    "rotation": { "origin": [ 0.5, 4, 15 ], "axis": "y", "angle": -22.5 },
    "faces": {
        "north": { "uv": [ 5, 1, 7, 2 ], "texture": "#texture" },
        "south": { "uv": [ 5, 1, 7, 2 ], "texture": "#texture" }
    }
},
{
    "from": [ 1.5, 4, 16.5 ],
    "to": [ 3.5, 5, 16.5625 ],
    "rotation": { "origin": [ 1.5, 4, 16.5 ], "axis": "y", "angle": -22.5 },
    "faces": {
        "north": { "uv": [ 5, 1, 7, 2 ], "texture": "#texture" },
        "south": { "uv": [ 5, 1, 7, 2 ], "texture": "#texture" }
    }
},
{
    "from": [ -1.25, 3.75, 13 ],
    "to": [ 0.25, 5.25, 13.5 ],
    "rotation": { "origin": [ -1.25, 3.75, 13 ], "axis": "y", "angle": 22.5 },
    "faces": {
        "down":  { "uv": [ 7.5, 4.5, 10.5, 6 ], "texture": "#texture" },
        "up":    { "uv": [ 7.5, 4.5, 10.5, 6 ], "texture": "#texture" },
        "north": { "uv": [ 3.5, 4.5, 5, 6 ], "texture": "#texture" },
        "south": { "uv": [ 3.5, 4.5, 5, 6 ], "texture": "#texture" },
        "west":  { "uv": [ 11, 4, 12, 6.5 ], "texture": "#texture" },
        "east":  { "uv": [ 11, 4, 12, 6.5 ], "texture": "#texture" }
    }
},
{
    "from": [ 0.3, 3.75, 16.5 ],
    "to": [ 1.8, 5.25, 17 ],
    "rotation": { "origin": [ 0.3, 3.75, 16.5 ], "axis": "y", "angle": 22.5 },
    "faces": {
        "down":  { "uv": [ 7.5, 4.5, 10.5, 6 ], "texture": "#texture" },
        "up":    { "uv": [ 7.5, 4.5, 10.5, 6 ], "texture": "#texture" },
        "north": { "uv": [ 3.5, 4.5, 5, 6 ], "texture": "#texture" },
        "south": { "uv": [ 3.5, 4.5, 5, 6 ], "texture": "#texture" },
        "west":  { "uv": [ 11, 4, 12, 6.5 ], "texture": "#texture" },
        "east":  { "uv": [ 11, 4, 12, 6.5 ], "texture": "#texture" }
    }
},
{
    "from": [ 12, 4, 9.5 ],
    "to": [ 15, 4.5, 10 ],
    "faces": {
        "down":  { "uv": [ 4.5, 11, 7.5, 11.5 ], "texture": "#texture" },
        "up":    { "uv": [ 4.5, 11, 7.5, 11.5 ], "texture": "#texture" },
        "north": { "uv": [ 1, 12, 4, 12.5 ], "texture": "#texture" },
        "south": { "uv": [ 1, 12, 4, 12.5 ], "texture": "#texture" },
        "west":  { "uv": [ 9.5, 11.5, 10, 12 ], "texture": "#texture" },
        "east":  { "uv": [ 9.5, 11.5, 10, 12 ], "texture": "#texture" }
    }
},
{
    "from": [ 12, 4, 7 ],
    "to": [ 15, 4.5, 7.5 ],
    "faces": {
        "down":  { "uv": [ 6, 10.5, 8.5, 12.5 ], "texture": "#texture" },
        "up":    { "uv": [ 6, 10.5, 8.5, 12.5 ], "texture": "#texture" },
        "north": { "uv": [ 1, 11, 4, 12 ], "texture": "#texture" },
        "south": { "uv": [ 1, 11, 4, 12 ], "texture": "#texture" },
        "west":  { "uv": [ 7, 11, 10, 12 ], "texture": "#texture" },
        "east":  { "uv": [ 7, 11, 10, 12 ], "texture": "#texture" }
    }
},
{
    "from": [ 16.5, 3, 8 ],
    "to": [ 17, 3.5, 9 ],
    "faces": {
        "down":  { "uv": [ 7.5, 5.5, 8, 6.5 ], "texture": "#texture" },
        "up":    { "uv": [ 7.5, 5.5, 8, 6.5 ], "texture": "#texture" },
        "north": { "uv": [ 11.5, 5.5, 12, 6 ], "texture": "#texture" },
        "south": { "uv": [ 11.5, 5.5, 12, 6 ], "texture": "#texture" },
        "west":  { "uv": [ 9.5, 4.5, 10.5, 5 ], "texture": "#texture" },
        "east":  { "uv": [ 9.5, 4.5, 10.5, 5 ], "texture": "#texture" }
    }
},
{
    "from": [ 16, 3, 7.5 ],
    "to": [ 16.5, 3.5, 9.5 ],
    "faces": {
        "down":  { "uv": [ 8, 10, 8.5, 12 ], "texture": "#texture" },
        "up":    { "uv": [ 8, 10, 8.5, 12 ], "texture": "#texture" },
        "north": { "uv": [ 8, 10.5, 8.5, 11 ], "texture": "#texture" },
        "south": { "uv": [ 8, 10.5, 8.5, 11 ], "texture": "#texture" },
        "west":  { "uv": [ 2, 12.5, 4, 13 ], "texture": "#texture" },
        "east":  { "uv": [ 2, 12.5, 4, 13 ], "texture": "#texture" }
    }
},
{
    "from": [ 8, 4, 4 ],
    "to": [ 12, 5, 4.5 ],
    "faces": {
        "down":  { "uv": [ 11, 7.5, 15, 8 ], "texture": "#texture" },
        "up":    { "uv": [ 11, 7.5, 15, 8 ], "texture": "#texture" },
        "north": { "uv": [ 11, 8.5, 15, 9.5 ], "texture": "#texture" },
        "south": { "uv": [ 11, 8.5, 15, 9.5 ], "texture": "#texture" },
        "west":  { "uv": [ 12.5, 7.5, 13, 8.5 ], "texture": "#texture" },
        "east":  { "uv": [ 12.5, 7.5, 13, 8.5 ], "texture": "#texture" }
    }
},
{
    "from": [ 8.3125, 4, 4.125 ],
    "to": [ 13.3125, 4.5, 4.625 ],
    "rotation": { "origin": [ 8.3125, 4, 4.125 ], "axis": "y", "angle": -45 },
    "faces": {
        "down":  { "uv": [ 5, 2.5, 10, 3 ], "texture": "#texture" },
        "up":    { "uv": [ 5, 2.5, 10, 3 ], "texture": "#texture" },
        "north": { "uv": [ 2, 2.5, 7, 3 ], "texture": "#texture" },
        "south": { "uv": [ 2, 2.5, 7, 3 ], "texture": "#texture" },
        "west":  { "uv": [ 11.5, 4.5, 12, 5 ], "texture": "#texture" },
        "east":  { "uv": [ 11.5, 4.5, 12, 5 ], "texture": "#texture" }
    }
},
{
    "from": [ 8, 4, 12.5625 ],
    "to": [ 13, 4.5, 13.0625 ],
    "rotation": { "origin": [ 8, 4, 12.5625 ], "axis": "y", "angle": 45 },
    "faces": {
        "down":  { "uv": [ 5, 2.5, 10, 3 ], "texture": "#texture" },
        "up":    { "uv": [ 5, 2.5, 10, 3 ], "texture": "#texture" },
        "north": { "uv": [ 2, 2.5, 7, 3 ], "texture": "#texture" },
        "south": { "uv": [ 2, 2.5, 7, 3 ], "texture": "#texture" },
        "west":  { "uv": [ 11.5, 4.5, 12, 5 ], "texture": "#texture" },
        "east":  { "uv": [ 11.5, 4.5, 12, 5 ], "texture": "#texture" }
    }
},
{
    "from": [ 8, 4, 12.5 ],
    "to": [ 12, 5, 13 ],
    "faces": {
        "down":  { "uv": [ 11, 7.5, 15, 8 ], "texture": "#texture" },
        "up":    { "uv": [ 11, 7.5, 15, 8 ], "texture": "#texture" },
        "north": { "uv": [ 11, 8.5, 15, 9.5 ], "texture": "#texture" },
        "south": { "uv": [ 11, 8.5, 15, 9.5 ], "texture": "#texture" },
        "west":  { "uv": [ 12.5, 7.5, 13, 8.5 ], "texture": "#texture" },
        "east":  { "uv": [ 12.5, 7.5, 13, 8.5 ], "texture": "#texture" }
    }
},
{
    "from": [ 4.5, 3.999, 20 ],
    "to": [ 15, 4.999, 20.0625 ],
    "rotation": { "origin": [ 4.5, 3.999, 20 ], "axis": "y", "angle": 45 },
    "faces": {
        "down":  { "uv": [ 3.5, 1, 14, 1.0625 ], "texture": "#texture" },
        "up":    { "uv": [ 3.5, 1, 14, 1.0625 ], "texture": "#texture" },
        "north": { "uv": [ 1.5, 2, 12, 3 ], "texture": "#texture" },
        "south": { "uv": [ 1.5, 2, 12, 3 ], "texture": "#texture" },
        "west":  { "uv": [ 0.5, 1.5, 0.5625, 2.5 ], "texture": "#texture" },
        "east":  { "uv": [ 0.5, 1.5, 0.5625, 2.5 ], "texture": "#texture" }
    }
},
{
    "from": [ 4.5, 3.999, -3 ],
    "to": [ 15, 4.999, -2.9375 ],
    "rotation": { "origin": [ 4.5, 3.999, -3 ], "axis": "y", "angle": -45 },
    "faces": {
        "down":  { "uv": [ 3.5, 1, 14, 1.0625 ], "texture": "#texture" },
        "up":    { "uv": [ 3.5, 1, 14, 1.0625 ], "texture": "#texture" },
        "north": { "uv": [ 1.5, 2, 12, 3 ], "texture": "#texture" },
        "south": { "uv": [ 1.5, 2, 12, 3 ], "texture": "#texture" },
        "west":  { "uv": [ 0.5, 1.5, 0.5625, 2.5 ], "texture": "#texture" },
        "east":  { "uv": [ 0.5, 1.5, 0.5625, 2.5 ], "texture": "#texture" }
    }
}
],
"display": {
    "head": {
        "rotation": [ 0, -91, 0 ],
        "translation": [ -0.1, 5.8, -2.8 ],
        "scale": [ 1, 1, 1 ]
    },
    "thirdperson_righthand": {
        "rotation": [ 0, -90, 0 ],
        "translation": [ 0.5, 5, -1 ],
        "scale": [ 0.9, 0.9, 0.9 ]
    },
    "thirdperson_lefthand": {
        "rotation": [ 0, 90, 0 ],
        "translation": [ -0.5, 5, -1 ],
        "scale": [ 0.9, 0.9, 0.9 ]
    },
    "ground": {
        "rotation": [ 0, 0, 0 ],
        "translation": [ 0, 4, 0 ],
        "scale": [ 0.5, 0.5, 0.5 ]
    },
    "fixed": {
        "rotation": [ -90, 0, 0 ],
        "translation": [ 0, 0, -4.72 ],
        "scale": [ 1, 1, 1 ]
    },
    "firstperson_righthand": {
        "rotation": [ 35, -85, 26 ],
        "translation": [ 2, 6, -2.46 ],
        "scale": [ 1, 1, 1 ]
    },
    "firstperson_lefthand": {
        "rotation": [ 52, -80, 45 ],
        "translation": [ -2, 6, -2.46 ],
        "scale": [ 1, 1, 1 ]
    },
    "gui": {
        "rotation": [ -145, -136, -180 ],
        "translation": [ 2, 2.46, -3.97 ],
        "scale": [ 1, 1, 1 ]
    }
}
}