{
"__comment": "Designed by FirecatHD",
"textures": {
    "particle": "items/wynn/weapons/bow/earth_crossbow_t3",
    "texture": "items/wynn/weapons/bow/earth_crossbow_t3"
},
"elements": [ 
{
    "from": [ 5, 2.5, 7.5 ],
    "to": [ 13, 3.5, 9.5 ],
    "faces": {
        "down":  { "uv": [ 2, 10.5, 8, 12.5 ], "texture": "#texture" },
        "up":    { "uv": [ 2, 10.5, 8, 12.5 ], "texture": "#texture" },
        "north": { "uv": [ 0, 10.5, 9, 12.5 ], "texture": "#texture" },
        "south": { "uv": [ 0, 10.5, 9, 12.5 ], "texture": "#texture" },
        "west":  { "uv": [ 6.5, 11.5, 9, 12.5 ], "texture": "#texture" },
        "east":  { "uv": [ 6.5, 11.5, 9, 12.5 ], "texture": "#texture" }
    }
},
{
    "from": [ 5, 3.5, 7.5 ],
    "to": [ 13.75, 4, 8.25 ],
    "faces": {
        "down":  { "uv": [ 2, 10.5, 8, 12.5 ], "texture": "#texture" },
        "up":    { "uv": [ 2, 10.5, 8, 12.5 ], "texture": "#texture" },
        "north": { "uv": [ 0, 10.5, 9, 12.5 ], "texture": "#texture" },
        "south": { "uv": [ 0, 10.5, 9, 12.5 ], "texture": "#texture" },
        "west":  { "uv": [ 6.5, 11.5, 9, 12.5 ], "texture": "#texture" },
        "east":  { "uv": [ 6.5, 11.5, 9, 12.5 ], "texture": "#texture" }
    }
},
{
    "from": [ 5, 3.5, 8.75 ],
    "to": [ 13.75, 4, 9.5 ],
    "faces": {
        "down":  { "uv": [ 2, 10.5, 8, 12.5 ], "texture": "#texture" },
        "up":    { "uv": [ 2, 10.5, 8, 12.5 ], "texture": "#texture" },
        "north": { "uv": [ 0, 10.5, 9, 12.5 ], "texture": "#texture" },
        "south": { "uv": [ 0, 10.5, 9, 12.5 ], "texture": "#texture" },
        "west":  { "uv": [ 6.5, 11.5, 9, 12.5 ], "texture": "#texture" },
        "east":  { "uv": [ 6.5, 11.5, 9, 12.5 ], "texture": "#texture" }
    }
},
{
    "from": [ 5.25, 3, 8.525 ],
    "to": [ 5.75, 3.5, 11.775 ],
    "rotation": { "origin": [ 5.25, 3, 8.525 ], "axis": "y", "angle": -45 },
    "faces": {
        "down":  { "uv": [ 0, 14, 7, 15 ], "texture": "#texture" },
        "up":    { "uv": [ 0, 14, 7, 15 ], "texture": "#texture" },
        "north": { "uv": [ 0, 14, 7.5, 15 ], "texture": "#texture" },
        "south": { "uv": [ 0, 14, 7.5, 15 ], "texture": "#texture" },
        "west":  { "uv": [ 3.5, 13.5, 6, 16 ], "texture": "#texture" },
        "east":  { "uv": [ 3.5, 13.5, 6, 16 ], "texture": "#texture" }
    }
},
{
    "from": [ 2.75, 2.75, 10.775 ],
    "to": [ 3.75, 3.75, 12.525 ],
    "faces": {
        "down":  { "uv": [ 0, 14, 7, 15 ], "texture": "#texture" },
        "up":    { "uv": [ 0, 14, 7, 15 ], "texture": "#texture" },
        "north": { "uv": [ 0, 14, 7.5, 15 ], "texture": "#texture" },
        "south": { "uv": [ 0, 14, 7.5, 15 ], "texture": "#texture" },
        "west":  { "uv": [ 3.5, 13.5, 6, 16 ], "texture": "#texture" },
        "east":  { "uv": [ 3.5, 13.5, 6, 16 ], "texture": "#texture" }
    }
},
{
    "from": [ 2.875, 3, 6.0875 ],
    "to": [ 3.375, 3.5, 9.3375 ],
    "rotation": { "origin": [ 2.875, 3, 6.0875 ], "axis": "y", "angle": 45 },
    "faces": {
        "down":  { "uv": [ 0, 14, 7, 15 ], "texture": "#texture" },
        "up":    { "uv": [ 0, 14, 7, 15 ], "texture": "#texture" },
        "north": { "uv": [ 0, 14, 7.5, 15 ], "texture": "#texture" },
        "south": { "uv": [ 0, 14, 7.5, 15 ], "texture": "#texture" },
        "west":  { "uv": [ 3.5, 13.5, 6, 16 ], "texture": "#texture" },
        "east":  { "uv": [ 3.5, 13.5, 6, 16 ], "texture": "#texture" }
    }
},
{
    "from": [ 2.75, 2.75, 4.4625 ],
    "to": [ 3.75, 3.75, 6.2125 ],
    "faces": {
        "down":  { "uv": [ 0, 14, 7, 15 ], "texture": "#texture" },
        "up":    { "uv": [ 0, 14, 7, 15 ], "texture": "#texture" },
        "north": { "uv": [ 0, 14, 7.5, 15 ], "texture": "#texture" },
        "south": { "uv": [ 0, 14, 7.5, 15 ], "texture": "#texture" },
        "west":  { "uv": [ 3.5, 13.5, 6, 16 ], "texture": "#texture" },
        "east":  { "uv": [ 3.5, 13.5, 6, 16 ], "texture": "#texture" }
    }
},
{
    "from": [ 6.8125, 2.75, 0.375 ],
    "to": [ 7.8125, 3.75, 6.125 ],
    "rotation": { "origin": [ 6.8125, 2.75, 0.375 ], "axis": "y", "angle": -45 },
    "faces": {
        "down":  { "uv": [ 0, 14, 7, 15 ], "texture": "#texture" },
        "up":    { "uv": [ 0, 14, 7, 15 ], "texture": "#texture" },
        "north": { "uv": [ 0, 14, 7.5, 15 ], "texture": "#texture" },
        "south": { "uv": [ 0, 14, 7.5, 15 ], "texture": "#texture" },
        "west":  { "uv": [ 3.5, 13.5, 6, 16 ], "texture": "#texture" },
        "east":  { "uv": [ 3.5, 13.5, 6, 16 ], "texture": "#texture" }
    }
},
{
    "from": [ 6.25, 3, 2 ],
    "to": [ 6.3125, 3.5, 10 ],
    "rotation": { "origin": [ 6.25, 3, 2 ], "axis": "y", "angle": 45 },
    "faces": {
        "down":  { "uv": [ 0, 4.5, 11, 5.5 ], "texture": "#texture" },
        "up":    { "uv": [ 0, 4.5, 11, 5.5 ], "texture": "#texture" },
        "north": { "uv": [ 0, 4.5, 11.5, 5.5 ], "texture": "#texture" },
        "south": { "uv": [ 0, 4.5, 11.5, 5.5 ], "texture": "#texture" },
        "west":  { "uv": [ 0, 4.5, 12, 5.5 ], "texture": "#texture" },
        "east":  { "uv": [ 0, 4.5, 12, 5.5 ], "texture": "#texture" }
    }
},
{
    "from": [ 11.8438, 3, 9.46875 ],
    "to": [ 11.9063, 3.5, 17.2188 ],
    "rotation": { "origin": [ 11.8438, 3, 9.46875 ], "axis": "y", "angle": -45 },
    "faces": {
        "down":  { "uv": [ 0, 4.5, 11, 5.5 ], "texture": "#texture" },
        "up":    { "uv": [ 0, 4.5, 11, 5.5 ], "texture": "#texture" },
        "north": { "uv": [ 0, 4.5, 11.5, 5.5 ], "texture": "#texture" },
        "south": { "uv": [ 0, 4.5, 11.5, 5.5 ], "texture": "#texture" },
        "west":  { "uv": [ 0, 4.5, 12, 5.5 ], "texture": "#texture" },
        "east":  { "uv": [ 0, 4.5, 12, 5.5 ], "texture": "#texture" }
    }
},
{
    "from": [ 11.75, 3.5, 8.25 ],
    "to": [ 14, 4, 8.75 ],
    "faces": {
        "down":  { "uv": [ 2, 13.5, 4.5, 16 ], "texture": "#texture" },
        "up":    { "uv": [ 2, 13.5, 4.5, 16 ], "texture": "#texture" },
        "north": { "uv": [ 1.5, 13.5, 4, 16 ], "texture": "#texture" },
        "south": { "uv": [ 1.5, 13.5, 4, 16 ], "texture": "#texture" },
        "west":  { "uv": [ 4.5, 13.5, 7, 16 ], "texture": "#texture" },
        "east":  { "uv": [ 4.5, 13.5, 7, 16 ], "texture": "#texture" }
    }
},
{
    "from": [ 13, 2.75, 7.5 ],
    "to": [ 14.5, 3.5, 9.5 ],
    "faces": {
        "down":  { "uv": [ 2, 10.5, 8, 12.5 ], "texture": "#texture" },
        "up":    { "uv": [ 2, 10.5, 8, 12.5 ], "texture": "#texture" },
        "north": { "uv": [ 0, 10.5, 9, 12.5 ], "texture": "#texture" },
        "south": { "uv": [ 0, 10.5, 9, 12.5 ], "texture": "#texture" },
        "west":  { "uv": [ 4.5, 11, 7, 12 ], "texture": "#texture" },
        "east":  { "uv": [ 4.5, 11, 7, 12 ], "texture": "#texture" }
    }
},
{
    "from": [ 13.5, 2, 7.75 ],
    "to": [ 15, 2.75, 9.25 ],
    "faces": {
        "down":  { "uv": [ 2, 10.5, 8, 12.5 ], "texture": "#texture" },
        "up":    { "uv": [ 2, 10.5, 8, 12.5 ], "texture": "#texture" },
        "north": { "uv": [ 0, 10.5, 9, 12.5 ], "texture": "#texture" },
        "south": { "uv": [ 0, 10.5, 9, 12.5 ], "texture": "#texture" },
        "west":  { "uv": [ 4.5, 11, 7, 12 ], "texture": "#texture" },
        "east":  { "uv": [ 4.5, 11, 7, 12 ], "texture": "#texture" }
    }
},
{
    "from": [ 14, 1.25, 8 ],
    "to": [ 15.5, 2, 9 ],
    "faces": {
        "down":  { "uv": [ 2, 10.5, 8, 12.5 ], "texture": "#texture" },
        "up":    { "uv": [ 2, 10.5, 8, 12.5 ], "texture": "#texture" },
        "north": { "uv": [ 0, 10.5, 9, 12.5 ], "texture": "#texture" },
        "south": { "uv": [ 0, 10.5, 9, 12.5 ], "texture": "#texture" },
        "west":  { "uv": [ 4.5, 11, 7, 12 ], "texture": "#texture" },
        "east":  { "uv": [ 4.5, 11, 7, 12 ], "texture": "#texture" }
    }
},
{
    "from": [ 12.5, 3.25, 7.25 ],
    "to": [ 13, 3.75, 7.75 ],
    "faces": {
        "down":  { "uv": [ 2, 13.5, 4.5, 16 ], "texture": "#texture" },
        "up":    { "uv": [ 2, 13.5, 4.5, 16 ], "texture": "#texture" },
        "north": { "uv": [ 1.5, 13.5, 4, 16 ], "texture": "#texture" },
        "south": { "uv": [ 1.5, 13.5, 4, 16 ], "texture": "#texture" },
        "west":  { "uv": [ 4.5, 13.5, 7, 16 ], "texture": "#texture" },
        "east":  { "uv": [ 4.5, 13.5, 7, 16 ], "texture": "#texture" }
    }
},
{
    "from": [ 6.75, 3.25, 9.25 ],
    "to": [ 7.25, 3.75, 9.75 ],
    "faces": {
        "down":  { "uv": [ 2, 13.5, 4.5, 16 ], "texture": "#texture" },
        "up":    { "uv": [ 2, 13.5, 4.5, 16 ], "texture": "#texture" },
        "north": { "uv": [ 1.5, 13.5, 4, 16 ], "texture": "#texture" },
        "south": { "uv": [ 1.5, 13.5, 4, 16 ], "texture": "#texture" },
        "west":  { "uv": [ 4.5, 13.5, 7, 16 ], "texture": "#texture" },
        "east":  { "uv": [ 4.5, 13.5, 7, 16 ], "texture": "#texture" }
    }
},
{
    "from": [ 6.5, 3.25, 7.25 ],
    "to": [ 7, 3.75, 7.75 ],
    "faces": {
        "down":  { "uv": [ 2, 13.5, 4.5, 16 ], "texture": "#texture" },
        "up":    { "uv": [ 2, 13.5, 4.5, 16 ], "texture": "#texture" },
        "north": { "uv": [ 1.5, 13.5, 4, 16 ], "texture": "#texture" },
        "south": { "uv": [ 1.5, 13.5, 4, 16 ], "texture": "#texture" },
        "west":  { "uv": [ 4.5, 13.5, 7, 16 ], "texture": "#texture" },
        "east":  { "uv": [ 4.5, 13.5, 7, 16 ], "texture": "#texture" }
    }
},
{
    "from": [ 7.75, 2.75, 7.25 ],
    "to": [ 8.25, 3.25, 7.75 ],
    "faces": {
        "down":  { "uv": [ 2, 13.5, 4.5, 16 ], "texture": "#texture" },
        "up":    { "uv": [ 2, 13.5, 4.5, 16 ], "texture": "#texture" },
        "north": { "uv": [ 1.5, 13.5, 4, 16 ], "texture": "#texture" },
        "south": { "uv": [ 1.5, 13.5, 4, 16 ], "texture": "#texture" },
        "west":  { "uv": [ 4.5, 13.5, 7, 16 ], "texture": "#texture" },
        "east":  { "uv": [ 4.5, 13.5, 7, 16 ], "texture": "#texture" }
    }
},
{
    "from": [ 5.25, 2.75, 9.25 ],
    "to": [ 5.75, 3.25, 9.75 ],
    "faces": {
        "down":  { "uv": [ 2, 13.5, 4.5, 16 ], "texture": "#texture" },
        "up":    { "uv": [ 2, 13.5, 4.5, 16 ], "texture": "#texture" },
        "north": { "uv": [ 1.5, 13.5, 4, 16 ], "texture": "#texture" },
        "south": { "uv": [ 1.5, 13.5, 4, 16 ], "texture": "#texture" },
        "west":  { "uv": [ 4.5, 13.5, 7, 16 ], "texture": "#texture" },
        "east":  { "uv": [ 4.5, 13.5, 7, 16 ], "texture": "#texture" }
    }
},
{
    "from": [ 10.75, 2.75, 9.25 ],
    "to": [ 11.25, 3.25, 9.75 ],
    "faces": {
        "down":  { "uv": [ 2, 13.5, 4.5, 16 ], "texture": "#texture" },
        "up":    { "uv": [ 2, 13.5, 4.5, 16 ], "texture": "#texture" },
        "north": { "uv": [ 1.5, 13.5, 4, 16 ], "texture": "#texture" },
        "south": { "uv": [ 1.5, 13.5, 4, 16 ], "texture": "#texture" },
        "west":  { "uv": [ 4.5, 13.5, 7, 16 ], "texture": "#texture" },
        "east":  { "uv": [ 4.5, 13.5, 7, 16 ], "texture": "#texture" }
    }
},
{
    "from": [ 9.75, 3.75, 9.25 ],
    "to": [ 10.25, 4.25, 9.75 ],
    "faces": {
        "down":  { "uv": [ 2, 13.5, 4.5, 16 ], "texture": "#texture" },
        "up":    { "uv": [ 2, 13.5, 4.5, 16 ], "texture": "#texture" },
        "north": { "uv": [ 1.5, 13.5, 4, 16 ], "texture": "#texture" },
        "south": { "uv": [ 1.5, 13.5, 4, 16 ], "texture": "#texture" },
        "west":  { "uv": [ 4.5, 13.5, 7, 16 ], "texture": "#texture" },
        "east":  { "uv": [ 4.5, 13.5, 7, 16 ], "texture": "#texture" }
    }
},
{
    "from": [ 12.5, 3.25, 9.25 ],
    "to": [ 13, 3.75, 9.75 ],
    "faces": {
        "down":  { "uv": [ 2, 13.5, 4.5, 16 ], "texture": "#texture" },
        "up":    { "uv": [ 2, 13.5, 4.5, 16 ], "texture": "#texture" },
        "north": { "uv": [ 1.5, 13.5, 4, 16 ], "texture": "#texture" },
        "south": { "uv": [ 1.5, 13.5, 4, 16 ], "texture": "#texture" },
        "west":  { "uv": [ 4.5, 13.5, 7, 16 ], "texture": "#texture" },
        "east":  { "uv": [ 4.5, 13.5, 7, 16 ], "texture": "#texture" }
    }
},
{
    "from": [ 13.75, 2.25, 9.25 ],
    "to": [ 14.25, 2.75, 9.75 ],
    "faces": {
        "down":  { "uv": [ 2, 13.5, 4.5, 16 ], "texture": "#texture" },
        "up":    { "uv": [ 2, 13.5, 4.5, 16 ], "texture": "#texture" },
        "north": { "uv": [ 1.5, 13.5, 4, 16 ], "texture": "#texture" },
        "south": { "uv": [ 1.5, 13.5, 4, 16 ], "texture": "#texture" },
        "west":  { "uv": [ 4.5, 13.5, 7, 16 ], "texture": "#texture" },
        "east":  { "uv": [ 4.5, 13.5, 7, 16 ], "texture": "#texture" }
    }
},
{
    "from": [ 9.5, 2.25, 9.25 ],
    "to": [ 10, 2.75, 9.75 ],
    "faces": {
        "down":  { "uv": [ 2, 13.5, 4.5, 16 ], "texture": "#texture" },
        "up":    { "uv": [ 2, 13.5, 4.5, 16 ], "texture": "#texture" },
        "north": { "uv": [ 1.5, 13.5, 4, 16 ], "texture": "#texture" },
        "south": { "uv": [ 1.5, 13.5, 4, 16 ], "texture": "#texture" },
        "west":  { "uv": [ 4.5, 13.5, 7, 16 ], "texture": "#texture" },
        "east":  { "uv": [ 4.5, 13.5, 7, 16 ], "texture": "#texture" }
    }
},
{
    "from": [ 11.75, 3.75, 7.75 ],
    "to": [ 13.5, 4.5, 9.25 ],
    "faces": {
        "down":  { "uv": [ 2, 10.5, 8, 12.5 ], "texture": "#texture" },
        "up":    { "uv": [ 2, 10.5, 8, 12.5 ], "texture": "#texture" },
        "north": { "uv": [ 0, 10.5, 9, 12.5 ], "texture": "#texture" },
        "south": { "uv": [ 0, 10.5, 9, 12.5 ], "texture": "#texture" },
        "west":  { "uv": [ 4, 10.5, 6.5, 11.5 ], "texture": "#texture" },
        "east":  { "uv": [ 4, 10.5, 6.5, 11.5 ], "texture": "#texture" }
    }
},
{
    "from": [ 2.75, 2.75, 12.5 ],
    "to": [ 3.75, 3.75, 18.25 ],
    "rotation": { "origin": [ 2.75, 2.75, 12.5 ], "axis": "y", "angle": 45 },
    "faces": {
        "down":  { "uv": [ 0, 14, 7, 15 ], "texture": "#texture" },
        "up":    { "uv": [ 0, 14, 7, 15 ], "texture": "#texture" },
        "north": { "uv": [ 0, 14, 7.5, 15 ], "texture": "#texture" },
        "south": { "uv": [ 0, 14, 7.5, 15 ], "texture": "#texture" },
        "west":  { "uv": [ 3.5, 13.5, 6, 16 ], "texture": "#texture" },
        "east":  { "uv": [ 3.5, 13.5, 6, 16 ], "texture": "#texture" }
    }
},
{
    "from": [ 7, 2.25, 8.75 ],
    "to": [ 7.5, 2.75, 9.25 ],
    "faces": {
        "down":  { "uv": [ 2, 13.5, 4.5, 16 ], "texture": "#texture" },
        "up":    { "uv": [ 2, 13.5, 4.5, 16 ], "texture": "#texture" },
        "north": { "uv": [ 1.5, 13.5, 4, 16 ], "texture": "#texture" },
        "south": { "uv": [ 1.5, 13.5, 4, 16 ], "texture": "#texture" },
        "west":  { "uv": [ 4.5, 13.5, 7, 16 ], "texture": "#texture" },
        "east":  { "uv": [ 4.5, 13.5, 7, 16 ], "texture": "#texture" }
    }
},
{
    "from": [ 5.25, 2.25, 7.75 ],
    "to": [ 5.75, 2.75, 8.25 ],
    "faces": {
        "down":  { "uv": [ 2, 13.5, 4.5, 16 ], "texture": "#texture" },
        "up":    { "uv": [ 2, 13.5, 4.5, 16 ], "texture": "#texture" },
        "north": { "uv": [ 1.5, 13.5, 4, 16 ], "texture": "#texture" },
        "south": { "uv": [ 1.5, 13.5, 4, 16 ], "texture": "#texture" },
        "west":  { "uv": [ 4.5, 13.5, 7, 16 ], "texture": "#texture" },
        "east":  { "uv": [ 4.5, 13.5, 7, 16 ], "texture": "#texture" }
    }
},
{
    "from": [ 9, 2.25, 8.25 ],
    "to": [ 9.5, 2.75, 8.75 ],
    "faces": {
        "down":  { "uv": [ 2, 13.5, 4.5, 16 ], "texture": "#texture" },
        "up":    { "uv": [ 2, 13.5, 4.5, 16 ], "texture": "#texture" },
        "north": { "uv": [ 1.5, 13.5, 4, 16 ], "texture": "#texture" },
        "south": { "uv": [ 1.5, 13.5, 4, 16 ], "texture": "#texture" },
        "west":  { "uv": [ 4.5, 13.5, 7, 16 ], "texture": "#texture" },
        "east":  { "uv": [ 4.5, 13.5, 7, 16 ], "texture": "#texture" }
    }
},
{
    "from": [ 11, 2.25, 8.75 ],
    "to": [ 11.5, 2.75, 9.25 ],
    "faces": {
        "down":  { "uv": [ 2, 13.5, 4.5, 16 ], "texture": "#texture" },
        "up":    { "uv": [ 2, 13.5, 4.5, 16 ], "texture": "#texture" },
        "north": { "uv": [ 1.5, 13.5, 4, 16 ], "texture": "#texture" },
        "south": { "uv": [ 1.5, 13.5, 4, 16 ], "texture": "#texture" },
        "west":  { "uv": [ 4.5, 13.5, 7, 16 ], "texture": "#texture" },
        "east":  { "uv": [ 4.5, 13.5, 7, 16 ], "texture": "#texture" }
    }
},
{
    "from": [ 10.25, 2.25, 7.75 ],
    "to": [ 10.75, 2.75, 8.25 ],
    "faces": {
        "down":  { "uv": [ 2, 13.5, 4.5, 16 ], "texture": "#texture" },
        "up":    { "uv": [ 2, 13.5, 4.5, 16 ], "texture": "#texture" },
        "north": { "uv": [ 1.5, 13.5, 4, 16 ], "texture": "#texture" },
        "south": { "uv": [ 1.5, 13.5, 4, 16 ], "texture": "#texture" },
        "west":  { "uv": [ 4.5, 13.5, 7, 16 ], "texture": "#texture" },
        "east":  { "uv": [ 4.5, 13.5, 7, 16 ], "texture": "#texture" }
    }
},
{
    "from": [ 9.25, 3, 7.25 ],
    "to": [ 9.75, 3.5, 7.75 ],
    "faces": {
        "down":  { "uv": [ 2, 13.5, 4.5, 16 ], "texture": "#texture" },
        "up":    { "uv": [ 2, 13.5, 4.5, 16 ], "texture": "#texture" },
        "north": { "uv": [ 1.5, 13.5, 4, 16 ], "texture": "#texture" },
        "south": { "uv": [ 1.5, 13.5, 4, 16 ], "texture": "#texture" },
        "west":  { "uv": [ 4.5, 13.5, 7, 16 ], "texture": "#texture" },
        "east":  { "uv": [ 4.5, 13.5, 7, 16 ], "texture": "#texture" }
    }
},
{
    "from": [ 8.25, 2.75, 9.25 ],
    "to": [ 8.75, 3.25, 9.75 ],
    "faces": {
        "down":  { "uv": [ 2, 13.5, 4.5, 16 ], "texture": "#texture" },
        "up":    { "uv": [ 2, 13.5, 4.5, 16 ], "texture": "#texture" },
        "north": { "uv": [ 1.5, 13.5, 4, 16 ], "texture": "#texture" },
        "south": { "uv": [ 1.5, 13.5, 4, 16 ], "texture": "#texture" },
        "west":  { "uv": [ 4.5, 13.5, 7, 16 ], "texture": "#texture" },
        "east":  { "uv": [ 4.5, 13.5, 7, 16 ], "texture": "#texture" }
    }
},
{
    "from": [ 4.25, 3.75, 8.25 ],
    "to": [ 12, 4.25, 8.75 ],
    "faces": {
        "down":  { "uv": [ 0, 14.5, 7.75, 15 ], "texture": "#texture" },
        "up":    { "uv": [ 0, 14.5, 7.75, 15 ], "texture": "#texture" },
        "north": { "uv": [ 0, 13.5, 7.75, 14 ], "texture": "#texture" },
        "south": { "uv": [ 0, 13.5, 7.75, 14 ], "texture": "#texture" },
        "west":  { "uv": [ 8.75, 13.75, 9.25, 14.25 ], "texture": "#texture" },
        "east":  { "uv": [ 8.75, 13.75, 9.25, 14.25 ], "texture": "#texture" }
    }
},
{
    "from": [ 4.75, 3.5, 8.25 ],
    "to": [ 12.5, 3.75, 8.75 ],
    "faces": {
        "down":  { "uv": [ 4.5, 8, 5.5, 9 ], "texture": "#texture" },
        "up":    { "uv": [ 4.5, 8, 5.5, 9 ], "texture": "#texture" },
        "north": { "uv": [ 8, 8, 9, 9 ], "texture": "#texture" },
        "south": { "uv": [ 8, 8, 9, 9 ], "texture": "#texture" },
        "west":  { "uv": [ 3.5, 7, 4.5, 8 ], "texture": "#texture" },
        "east":  { "uv": [ 3.5, 7, 4.5, 8 ], "texture": "#texture" }
    }
},
{
    "from": [ 12.5, 2.25, 7.75 ],
    "to": [ 13.5, 3, 9.25 ],
    "faces": {
        "down":  { "uv": [ 4.5, 8, 5.5, 9 ], "texture": "#texture" },
        "up":    { "uv": [ 4.5, 8, 5.5, 9 ], "texture": "#texture" },
        "north": { "uv": [ 8, 8, 9, 9 ], "texture": "#texture" },
        "south": { "uv": [ 8, 8, 9, 9 ], "texture": "#texture" },
        "west":  { "uv": [ 3.5, 7, 4.5, 8 ], "texture": "#texture" },
        "east":  { "uv": [ 3.5, 7, 4.5, 8 ], "texture": "#texture" }
    }
},
{
    "from": [ 10.75, 3.75, 7.25 ],
    "to": [ 11.25, 4.25, 7.75 ],
    "faces": {
        "down":  { "uv": [ 2, 13.5, 4.5, 16 ], "texture": "#texture" },
        "up":    { "uv": [ 2, 13.5, 4.5, 16 ], "texture": "#texture" },
        "north": { "uv": [ 1.5, 13.5, 4, 16 ], "texture": "#texture" },
        "south": { "uv": [ 1.5, 13.5, 4, 16 ], "texture": "#texture" },
        "west":  { "uv": [ 4.5, 13.5, 7, 16 ], "texture": "#texture" },
        "east":  { "uv": [ 4.5, 13.5, 7, 16 ], "texture": "#texture" }
    }
},
{
    "from": [ 14, 2, 7.5 ],
    "to": [ 14.5, 2.5, 8 ],
    "faces": {
        "down":  { "uv": [ 2, 13.5, 4.5, 16 ], "texture": "#texture" },
        "up":    { "uv": [ 2, 13.5, 4.5, 16 ], "texture": "#texture" },
        "north": { "uv": [ 1.5, 13.5, 4, 16 ], "texture": "#texture" },
        "south": { "uv": [ 1.5, 13.5, 4, 16 ], "texture": "#texture" },
        "west":  { "uv": [ 4.5, 13.5, 7, 16 ], "texture": "#texture" },
        "east":  { "uv": [ 4.5, 13.5, 7, 16 ], "texture": "#texture" }
    }
},
{
    "from": [ 2.5, 2.53125, 3.65625 ],
    "to": [ 4.25, 4.03125, 6.40625 ],
    "faces": {
        "down":  { "uv": [ 0, 0, 1, 1.5 ], "texture": "#texture" },
        "up":    { "uv": [ 0, 0, 1, 1.5 ], "texture": "#texture" },
        "north": { "uv": [ 13, 14, 14.5, 15 ], "texture": "#texture" },
        "south": { "uv": [ 13, 14, 14.5, 15 ], "texture": "#texture" },
        "west":  { "uv": [ 0, 0, 1.5, 1 ], "texture": "#texture" },
        "east":  { "uv": [ 0, 0, 1.5, 1 ], "texture": "#texture" }
    }
},
{
    "from": [ 2.75, 2.5, 13.4562 ],
    "to": [ 4.5, 4, 20.4562 ],
    "rotation": { "origin": [ 2.75, 2.5, 13.4562 ], "axis": "y", "angle": 45 },
    "faces": {
        "down":  { "uv": [ 0, 0, 1, 3.5 ], "texture": "#texture" },
        "up":    { "uv": [ 0, 0, 1, 3.5 ], "texture": "#texture" },
        "north": { "uv": [ 0, 0, 1, 1 ], "texture": "#texture" },
        "south": { "uv": [ 0, 0, 2, 2 ], "texture": "#texture" },
        "west":  { "uv": [ 0, 0, 3.5, 1 ], "texture": "#texture" },
        "east":  { "uv": [ 0, 0, 3.5, 1 ], "texture": "#texture" }
    }
},
{
    "from": [ 2.5, 2.5, 10.5 ],
    "to": [ 4.25, 4, 13.25 ],
    "faces": {
        "down":  { "uv": [ 0, 0, 1, 1.5 ], "texture": "#texture" },
        "up":    { "uv": [ 0, 0, 1, 1.5 ], "texture": "#texture" },
        "north": { "uv": [ 12, 13.5, 13.5, 14.5 ], "texture": "#texture" },
        "south": { "uv": [ 12, 13.5, 13.5, 14.5 ], "texture": "#texture" },
        "west":  { "uv": [ 0, 0, 1.5, 1 ], "texture": "#texture" },
        "east":  { "uv": [ 0, 0, 1.5, 1 ], "texture": "#texture" }
    }
},
{
    "from": [ 7.75, 2.5, -1.5 ],
    "to": [ 9.5, 4, 5.5 ],
    "rotation": { "origin": [ 7.75, 2.5, -1.5 ], "axis": "y", "angle": -45 },
    "faces": {
        "down":  { "uv": [ 0, 0, 1, 3.5 ], "texture": "#texture" },
        "up":    { "uv": [ 0, 0, 1, 3.5 ], "texture": "#texture" },
        "north": { "uv": [ 0, 0, 1, 1 ], "texture": "#texture" },
        "south": { "uv": [ 0, 0, 1, 1 ], "texture": "#texture" },
        "west":  { "uv": [ 0, 0, 3.5, 1 ], "texture": "#texture" },
        "east":  { "uv": [ 0, 0, 3.5, 1 ], "texture": "#texture" }
    }
},
{
    "from": [ 8.25, 3.75, 7.25 ],
    "to": [ 8.75, 4.25, 7.75 ],
    "faces": {
        "down":  { "uv": [ 2, 13.5, 4.5, 16 ], "texture": "#texture" },
        "up":    { "uv": [ 2, 13.5, 4.5, 16 ], "texture": "#texture" },
        "north": { "uv": [ 1.5, 13.5, 4, 16 ], "texture": "#texture" },
        "south": { "uv": [ 1.5, 13.5, 4, 16 ], "texture": "#texture" },
        "west":  { "uv": [ 4.5, 13.5, 7, 16 ], "texture": "#texture" },
        "east":  { "uv": [ 4.5, 13.5, 7, 16 ], "texture": "#texture" }
    }
},
{
    "from": [ 5.25, 3.75, 7.25 ],
    "to": [ 5.75, 4.25, 7.75 ],
    "faces": {
        "down":  { "uv": [ 2, 13.5, 4.5, 16 ], "texture": "#texture" },
        "up":    { "uv": [ 2, 13.5, 4.5, 16 ], "texture": "#texture" },
        "north": { "uv": [ 1.5, 13.5, 4, 16 ], "texture": "#texture" },
        "south": { "uv": [ 1.5, 13.5, 4, 16 ], "texture": "#texture" },
        "west":  { "uv": [ 4.5, 13.5, 7, 16 ], "texture": "#texture" },
        "east":  { "uv": [ 4.5, 13.5, 7, 16 ], "texture": "#texture" }
    }
}
],
"display": {
    "head": {
        "rotation": [ 0, -91, 0 ],
        "translation": [ -0.1, 5.8, -2.8 ],
        "scale": [ 1, 1, 1 ]
    },
    "thirdperson_righthand": {
        "rotation": [ 0, -90, 0 ],
        "translation": [ 0.5, 5, -1 ],
        "scale": [ 0.9, 0.9, 0.9 ]
    },
    "thirdperson_lefthand": {
        "rotation": [ 0, 90, 0 ],
        "translation": [ -0.5, 5, -1 ],
        "scale": [ 0.9, 0.9, 0.9 ]
    },
    "ground": {
        "rotation": [ 0, 0, 0 ],
        "translation": [ 0, 4, 0 ],
        "scale": [ 0.5, 0.5, 0.5 ]
    },
    "fixed": {
        "rotation": [ -90, 0, 0 ],
        "translation": [ 0, 0, -4.72 ],
        "scale": [ 1, 1, 1 ]
    },
    "firstperson_righthand": {
        "rotation": [ 35, -85, 26 ],
        "translation": [ 2, 6, -2.46 ],
        "scale": [ 1, 1, 1 ]
    },
    "firstperson_lefthand": {
        "rotation": [ 52, -80, 45 ],
        "translation": [ -2, 6, -2.46 ],
        "scale": [ 1, 1, 1 ]
    },
    "gui": {
        "rotation": [ -145, -136, -180 ],
        "translation": [ 2, 2.46, -3.97 ],
        "scale": [ 1, 1, 1 ]
    }
}
}