{
"__comment": "Designed by FirecatHD",
"textures": {
    "texture": "items/wynn/weapons/bow/air_bow_all",
    "air_anim3": "items/wynn/weapons/bow/air_anim3"
},
"elements": [ 
{
    "from": [ 6, 5, 7.75 ],
    "to": [ 7.25, 9, 9.25 ],
    "faces": {
        "down":  { "uv": [ 3.375, 10.125, 4.625, 11.625 ], "texture": "#texture" },
        "up":    { "uv": [ 3.375, 10.125, 4.625, 11.625 ], "texture": "#texture" },
        "north": { "uv": [ 3.375, 9.625, 4.375, 11.75 ], "texture": "#texture" },
        "south": { "uv": [ 3.375, 9.625, 4.375, 11.75 ], "texture": "#texture" },
        "west":  { "uv": [ 3.375, 9.625, 4.5, 11.875 ], "texture": "#texture" },
        "east":  { "uv": [ 3.375, 9.625, 4.5, 11.875 ], "texture": "#texture" }
    }
},
{
    "from": [ 8.8125, 7.875, 8 ],
    "to": [ 9.8125, 11.875, 9 ],
    "rotation": { "origin": [ 8.8125, 11.875, 8 ], "axis": "z", "angle": -45 },
    "faces": {
        "down":  { "uv": [ 7.5, 7.5, 8.375, 8.5 ], "texture": "#texture" },
        "up":    { "uv": [ 7.5, 7.5, 8.375, 8.5 ], "texture": "#texture" },
        "north": { "uv": [ 12.5, 5.125, 13.375, 8.875 ], "texture": "#texture" },
        "south": { "uv": [ 12.5, 5.125, 13.375, 8.875 ], "texture": "#texture" },
        "west":  { "uv": [ 5.5, 5.5, 7.625, 8.625 ], "texture": "#texture" },
        "east":  { "uv": [ 5.5, 5.5, 7.625, 8.625 ], "texture": "#texture" }
    }
},
{
    "from": [ 10.125, 11.25, 8 ],
    "to": [ 11.125, 15.25, 9 ],
    "rotation": { "origin": [ 10.125, 15.25, 8 ], "axis": "z", "angle": -22.5 },
    "faces": {
        "down":  { "uv": [ 7.5, 7.5, 8.375, 8.5 ], "texture": "#texture" },
        "up":    { "uv": [ 7.5, 7.5, 8.375, 8.5 ], "texture": "#texture" },
        "north": { "uv": [ 12.5, 5.125, 13.375, 8.875 ], "texture": "#texture" },
        "south": { "uv": [ 12.5, 5.125, 13.375, 8.875 ], "texture": "#texture" },
        "west":  { "uv": [ 5.5, 5.5, 7.625, 8.625 ], "texture": "#texture" },
        "east":  { "uv": [ 5.5, 5.5, 7.625, 8.625 ], "texture": "#texture" }
    }
},
{
    "from": [ 6, 1, 8 ],
    "to": [ 7, 5, 9 ],
    "rotation": { "origin": [ 6, 5, 8 ], "axis": "z", "angle": 45 },
    "faces": {
        "down":  { "uv": [ 7.5, 7.5, 8.375, 8.5 ], "texture": "#texture" },
        "up":    { "uv": [ 7.5, 7.5, 8.375, 8.5 ], "texture": "#texture" },
        "north": { "uv": [ 12.5, 5.125, 13.375, 8.875 ], "texture": "#texture" },
        "south": { "uv": [ 12.5, 5.125, 13.375, 8.875 ], "texture": "#texture" },
        "west":  { "uv": [ 5.5, 5.5, 7.625, 8.625 ], "texture": "#texture" },
        "east":  { "uv": [ 5.5, 5.5, 7.625, 8.625 ], "texture": "#texture" }
    }
},
{
    "from": [ 8.5625, -1.375, 8 ],
    "to": [ 9.5625, 2.625, 9 ],
    "rotation": { "origin": [ 8.5625, 2.625, 8 ], "axis": "z", "angle": 22.5 },
    "faces": {
        "down":  { "uv": [ 7.5, 7.5, 8.375, 8.5 ], "texture": "#texture" },
        "up":    { "uv": [ 7.5, 7.5, 8.375, 8.5 ], "texture": "#texture" },
        "north": { "uv": [ 12.5, 5.125, 13.375, 8.875 ], "texture": "#texture" },
        "south": { "uv": [ 12.5, 5.125, 13.375, 8.875 ], "texture": "#texture" },
        "west":  { "uv": [ 5.5, 5.5, 7.625, 8.625 ], "texture": "#texture" },
        "east":  { "uv": [ 5.5, 5.5, 7.625, 8.625 ], "texture": "#texture" }
    }
},
{
    "from": [ 10.125, 14.25, 8 ],
    "to": [ 13.625, 15.25, 9 ],
    "rotation": { "origin": [ 10.125, 15.25, 8 ], "axis": "z", "angle": 45 },
    "faces": {
        "down":  { "uv": [ 7.5, 7.5, 8.375, 8.5 ], "texture": "#texture" },
        "up":    { "uv": [ 7.5, 7.5, 8.375, 8.5 ], "texture": "#texture" },
        "north": { "uv": [ 12.5, 5.125, 13.375, 8.875 ], "texture": "#texture" },
        "south": { "uv": [ 12.5, 5.125, 13.375, 8.875 ], "texture": "#texture" },
        "west":  { "uv": [ 5.5, 5.5, 7.625, 8.625 ], "texture": "#texture" },
        "east":  { "uv": [ 5.5, 5.5, 7.625, 8.625 ], "texture": "#texture" }
    }
},
{
    "from": [ 10.8125, -1.3125, 8 ],
    "to": [ 13.0625, -0.3125, 9 ],
    "rotation": { "origin": [ 10.8125, -0.3125, 8 ], "axis": "z", "angle": -45 },
    "faces": {
        "down":  { "uv": [ 7.5, 7.5, 8.375, 8.5 ], "texture": "#texture" },
        "up":    { "uv": [ 7.5, 7.5, 8.375, 8.5 ], "texture": "#texture" },
        "north": { "uv": [ 12.5, 5.125, 13.375, 8.875 ], "texture": "#texture" },
        "south": { "uv": [ 12.5, 5.125, 13.375, 8.875 ], "texture": "#texture" },
        "west":  { "uv": [ 5.5, 5.5, 7.625, 8.625 ], "texture": "#texture" },
        "east":  { "uv": [ 5.5, 5.5, 7.625, 8.625 ], "texture": "#texture" }
    }
},
{
    "from": [ 10.75, 14.75, 7.75 ],
    "to": [ 16, 16.25, 9.25 ],
    "rotation": { "origin": [ 10.75, 16.25, 7.75 ], "axis": "z", "angle": 45 },
    "faces": {
        "down":  { "uv": [ 11.375, 3.375, 16, 4.625 ], "texture": "#texture" },
        "up":    { "uv": [ 11.375, 3.375, 16, 4.625 ], "texture": "#texture" },
        "north": { "uv": [ 12.125, 4.125, 15.875, 4.875 ], "texture": "#texture" },
        "south": { "uv": [ 12.125, 4.125, 15.875, 4.875 ], "texture": "#texture" },
        "west":  { "uv": [ 13.5, 3.25, 15, 4.75 ], "texture": "#texture" },
        "east":  { "uv": [ 13.5, 3.25, 15, 4.75 ], "texture": "#texture" }
    }
},
{
    "from": [ 11.75, -2.5, 7.75 ],
    "to": [ 17, -1, 9.25 ],
    "rotation": { "origin": [ 11.75, -1, 7.75 ], "axis": "z", "angle": -45 },
    "faces": {
        "down":  { "uv": [ 11.375, 3.375, 16, 4.625 ], "texture": "#texture" },
        "up":    { "uv": [ 11.375, 3.375, 16, 4.625 ], "texture": "#texture" },
        "north": { "uv": [ 12.125, 4.125, 15.875, 4.875 ], "texture": "#texture" },
        "south": { "uv": [ 12.125, 4.125, 15.875, 4.875 ], "texture": "#texture" },
        "west":  { "uv": [ 13.5, 3.25, 15, 4.75 ], "texture": "#texture" },
        "east":  { "uv": [ 13.5, 3.25, 15, 4.75 ], "texture": "#texture" }
    }
},
{
    "from": [ 5.75, 9, 8 ],
    "to": [ 6.25, 11.5, 9 ],
    "faces": {
        "down":  { "uv": [ 8.75, 13.375, 9.25, 14.375 ], "texture": "#texture" },
        "up":    { "uv": [ 8.75, 13.375, 9.25, 14.375 ], "texture": "#texture" },
        "north": { "uv": [ 1.5, 13.25, 6.75, 13.75 ], "rotation": 90, "texture": "#texture" },
        "south": { "uv": [ 1.5, 13.25, 6.75, 13.75 ], "rotation": 90, "texture": "#texture" },
        "west":  { "uv": [ 9.25, 13.625, 13.625, 14.25 ], "rotation": 90, "texture": "#texture" },
        "east":  { "uv": [ 9.25, 13.625, 13.625, 14.25 ], "rotation": 90, "texture": "#texture" }
    }
},
{
    "from": [ 10.5, 10.875, 8 ],
    "to": [ 11, 16.875, 9 ],
    "rotation": { "origin": [ 10.5, 16.875, 8 ], "axis": "z", "angle": -45 },
    "faces": {
        "down":  { "uv": [ 8.75, 13.375, 9.25, 14.375 ], "texture": "#texture" },
        "up":    { "uv": [ 8.75, 13.375, 9.25, 14.375 ], "texture": "#texture" },
        "north": { "uv": [ 1.5, 13.25, 6.75, 13.75 ], "rotation": 90, "texture": "#texture" },
        "south": { "uv": [ 1.5, 13.25, 6.75, 13.75 ], "rotation": 90, "texture": "#texture" },
        "west":  { "uv": [ 9.25, 13.625, 13.625, 14.25 ], "rotation": 90, "texture": "#texture" },
        "east":  { "uv": [ 9.25, 13.625, 13.625, 14.25 ], "rotation": 90, "texture": "#texture" }
    }
},
{
    "from": [ 6.25, 11.375, 8 ],
    "to": [ 6.75, 12.625, 9 ],
    "rotation": { "origin": [ 6.25, 12.625, 8 ], "axis": "z", "angle": -22.5 },
    "faces": {
        "down":  { "uv": [ 8.75, 13.375, 9.25, 14.375 ], "texture": "#texture" },
        "up":    { "uv": [ 8.75, 13.375, 9.25, 14.375 ], "texture": "#texture" },
        "north": { "uv": [ 1.5, 13.25, 6.75, 13.75 ], "rotation": 90, "texture": "#texture" },
        "south": { "uv": [ 1.5, 13.25, 6.75, 13.75 ], "rotation": 90, "texture": "#texture" },
        "west":  { "uv": [ 9.25, 13.625, 13.625, 14.25 ], "rotation": 90, "texture": "#texture" },
        "east":  { "uv": [ 9.25, 13.625, 13.625, 14.25 ], "rotation": 90, "texture": "#texture" }
    }
},
{
    "from": [ 10.5, 16.375, 8 ],
    "to": [ 11.5, 16.875, 9 ],
    "faces": {
        "down":  { "uv": [ 8.75, 13.375, 9.25, 14.375 ], "texture": "#texture" },
        "up":    { "uv": [ 8.75, 13.375, 9.25, 14.375 ], "texture": "#texture" },
        "north": { "uv": [ 1.5, 13.25, 6.75, 13.75 ], "rotation": 90, "texture": "#texture" },
        "south": { "uv": [ 1.5, 13.25, 6.75, 13.75 ], "rotation": 90, "texture": "#texture" },
        "west":  { "uv": [ 9.25, 13.625, 13.625, 14.25 ], "rotation": 90, "texture": "#texture" },
        "east":  { "uv": [ 9.25, 13.625, 13.625, 14.25 ], "rotation": 90, "texture": "#texture" }
    }
},
{
    "from": [ 5.375, 4.75, 7.25 ],
    "to": [ 7.875, 5.5, 9.75 ],
    "faces": {
        "down":  { "uv": [ 12.875, 3.375, 14.875, 4.625 ], "texture": "#texture" },
        "up":    { "uv": [ 12.875, 3.375, 14.875, 4.625 ], "texture": "#texture" },
        "north": { "uv": [ 13.5, 4.375, 15.5, 4.625 ], "texture": "#texture" },
        "south": { "uv": [ 13.5, 4.375, 15.5, 4.625 ], "texture": "#texture" },
        "west":  { "uv": [ 13.25, 3.5, 15.25, 3.75 ], "texture": "#texture" },
        "east":  { "uv": [ 13.25, 3.5, 15.25, 3.75 ], "texture": "#texture" }
    }
},
{
    "from": [ 5.625, 8, 7.5 ],
    "to": [ 7.625, 8.5, 9.5 ],
    "faces": {
        "down":  { "uv": [ 13.75, 9.5, 15.75, 11.5 ], "texture": "#texture" },
        "up":    { "uv": [ 13.75, 9.5, 15.75, 11.5 ], "texture": "#texture" },
        "north": { "uv": [ 13.375, 12.25, 15.375, 12.75 ], "texture": "#texture" },
        "south": { "uv": [ 13.375, 12.25, 15.375, 12.75 ], "texture": "#texture" },
        "west":  { "uv": [ 13.5, 9.5, 15.5, 10 ], "texture": "#texture" },
        "east":  { "uv": [ 13.5, 9.5, 15.5, 10 ], "texture": "#texture" }
    }
},
{
    "from": [ 5.625, 7.25, 7.5 ],
    "to": [ 7.625, 7.75, 9.5 ],
    "faces": {
        "down":  { "uv": [ 13.75, 9.5, 15.75, 11.5 ], "texture": "#texture" },
        "up":    { "uv": [ 13.75, 9.5, 15.75, 11.5 ], "texture": "#texture" },
        "north": { "uv": [ 13.375, 12.25, 15.375, 12.75 ], "texture": "#texture" },
        "south": { "uv": [ 13.375, 12.25, 15.375, 12.75 ], "texture": "#texture" },
        "west":  { "uv": [ 13.5, 9.5, 15.5, 10 ], "texture": "#texture" },
        "east":  { "uv": [ 13.5, 9.5, 15.5, 10 ], "texture": "#texture" }
    }
},
{
    "from": [ 5.625, 6.5, 7.5 ],
    "to": [ 7.625, 7, 9.5 ],
    "faces": {
        "down":  { "uv": [ 13.75, 9.5, 15.75, 11.5 ], "texture": "#texture" },
        "up":    { "uv": [ 13.75, 9.5, 15.75, 11.5 ], "texture": "#texture" },
        "north": { "uv": [ 13.375, 12.25, 15.375, 12.75 ], "texture": "#texture" },
        "south": { "uv": [ 13.375, 12.25, 15.375, 12.75 ], "texture": "#texture" },
        "west":  { "uv": [ 13.5, 9.5, 15.5, 10 ], "texture": "#texture" },
        "east":  { "uv": [ 13.5, 9.5, 15.5, 10 ], "texture": "#texture" }
    }
},
{
    "from": [ 5.625, 5.75, 7.5 ],
    "to": [ 7.625, 6.25, 9.5 ],
    "faces": {
        "down":  { "uv": [ 13.75, 9.5, 15.75, 11.5 ], "texture": "#texture" },
        "up":    { "uv": [ 13.75, 9.5, 15.75, 11.5 ], "texture": "#texture" },
        "north": { "uv": [ 13.375, 12.25, 15.375, 12.75 ], "texture": "#texture" },
        "south": { "uv": [ 13.375, 12.25, 15.375, 12.75 ], "texture": "#texture" },
        "west":  { "uv": [ 13.5, 9.5, 15.5, 10 ], "texture": "#texture" },
        "east":  { "uv": [ 13.5, 9.5, 15.5, 10 ], "texture": "#texture" }
    }
},
{
    "from": [ 5.75, 2.5, 8 ],
    "to": [ 6.25, 5, 9 ],
    "faces": {
        "down":  { "uv": [ 8.75, 13.375, 9.25, 14.375 ], "texture": "#texture" },
        "up":    { "uv": [ 8.75, 13.375, 9.25, 14.375 ], "texture": "#texture" },
        "north": { "uv": [ 1.5, 13.25, 6.75, 13.75 ], "rotation": 90, "texture": "#texture" },
        "south": { "uv": [ 1.5, 13.25, 6.75, 13.75 ], "rotation": 90, "texture": "#texture" },
        "west":  { "uv": [ 9.25, 13.625, 13.625, 14.25 ], "rotation": 90, "texture": "#texture" },
        "east":  { "uv": [ 9.25, 13.625, 13.625, 14.25 ], "rotation": 90, "texture": "#texture" }
    }
},
{
    "from": [ 5.75, 1.25, 8 ],
    "to": [ 6.25, 2.5, 9 ],
    "rotation": { "origin": [ 5.75, 2.5, 8 ], "axis": "z", "angle": 22.5 },
    "faces": {
        "down":  { "uv": [ 8.75, 13.375, 9.25, 14.375 ], "texture": "#texture" },
        "up":    { "uv": [ 8.75, 13.375, 9.25, 14.375 ], "texture": "#texture" },
        "north": { "uv": [ 1.5, 13.25, 6.75, 13.75 ], "rotation": 90, "texture": "#texture" },
        "south": { "uv": [ 1.5, 13.25, 6.75, 13.75 ], "rotation": 90, "texture": "#texture" },
        "west":  { "uv": [ 9.25, 13.625, 13.625, 14.25 ], "rotation": 90, "texture": "#texture" },
        "east":  { "uv": [ 9.25, 13.625, 13.625, 14.25 ], "rotation": 90, "texture": "#texture" }
    }
},
{
    "from": [ 6.1875, -4.625, 8 ],
    "to": [ 6.6875, 1.375, 9 ],
    "rotation": { "origin": [ 6.1875, 1.375, 8 ], "axis": "z", "angle": 45 },
    "faces": {
        "down":  { "uv": [ 8.75, 13.375, 9.25, 14.375 ], "texture": "#texture" },
        "up":    { "uv": [ 8.75, 13.375, 9.25, 14.375 ], "texture": "#texture" },
        "north": { "uv": [ 1.5, 13.25, 6.75, 13.75 ], "rotation": 90, "texture": "#texture" },
        "south": { "uv": [ 1.5, 13.25, 6.75, 13.75 ], "rotation": 90, "texture": "#texture" },
        "west":  { "uv": [ 9.25, 13.625, 13.625, 14.25 ], "rotation": 90, "texture": "#texture" },
        "east":  { "uv": [ 9.25, 13.625, 13.625, 14.25 ], "rotation": 90, "texture": "#texture" }
    }
},
{
    "from": [ 10.4375, -2.875, 8 ],
    "to": [ 11.4375, -2.375, 9 ],
    "faces": {
        "down":  { "uv": [ 8.75, 13.375, 9.25, 14.375 ], "texture": "#texture" },
        "up":    { "uv": [ 8.75, 13.375, 9.25, 14.375 ], "texture": "#texture" },
        "north": { "uv": [ 1.5, 13.25, 6.75, 13.75 ], "rotation": 90, "texture": "#texture" },
        "south": { "uv": [ 1.5, 13.25, 6.75, 13.75 ], "rotation": 90, "texture": "#texture" },
        "west":  { "uv": [ 9.25, 13.625, 13.625, 14.25 ], "rotation": 90, "texture": "#texture" },
        "east":  { "uv": [ 9.25, 13.625, 13.625, 14.25 ], "rotation": 90, "texture": "#texture" }
    }
},
{
    "from": [ 5.25, 4.875, 7.125 ],
    "to": [ 8, 5.375, 9.875 ],
    "faces": {
        "down":  { "uv": [ 12.875, 3.375, 14.875, 4.625 ], "texture": "#texture" },
        "up":    { "uv": [ 12.875, 3.375, 14.875, 4.625 ], "texture": "#texture" },
        "north": { "uv": [ 13.5, 4.375, 15.5, 4.625 ], "texture": "#texture" },
        "south": { "uv": [ 13.5, 4.375, 15.5, 4.625 ], "texture": "#texture" },
        "west":  { "uv": [ 13.25, 3.5, 15.25, 3.75 ], "texture": "#texture" },
        "east":  { "uv": [ 13.25, 3.5, 15.25, 3.75 ], "texture": "#texture" }
    }
},
{
    "from": [ 12.75, 16.75, 8 ],
    "to": [ 16.5, 18, 9 ],
    "rotation": { "origin": [ 12.75, 18, 8 ], "axis": "z", "angle": 22.5 },
    "faces": {
        "down":  { "uv": [ 11.375, 3.375, 16, 4.625 ], "texture": "#texture" },
        "up":    { "uv": [ 11.375, 3.375, 16, 4.625 ], "texture": "#texture" },
        "north": { "uv": [ 12.125, 4.125, 15.875, 4.875 ], "texture": "#texture" },
        "south": { "uv": [ 12.125, 4.125, 15.875, 4.875 ], "texture": "#texture" },
        "west":  { "uv": [ 13.5, 3.25, 15, 4.75 ], "texture": "#texture" },
        "east":  { "uv": [ 13.5, 3.25, 15, 4.75 ], "texture": "#texture" }
    }
},
{
    "from": [ 13.1875, -4, 8 ],
    "to": [ 16.9375, -2.75, 9 ],
    "rotation": { "origin": [ 13.1875, -2.75, 8 ], "axis": "z", "angle": -22.5 },
    "faces": {
        "down":  { "uv": [ 11.375, 3.375, 16, 4.625 ], "texture": "#texture" },
        "up":    { "uv": [ 11.375, 3.375, 16, 4.625 ], "texture": "#texture" },
        "north": { "uv": [ 12.125, 4.125, 15.875, 4.875 ], "texture": "#texture" },
        "south": { "uv": [ 12.125, 4.125, 15.875, 4.875 ], "texture": "#texture" },
        "west":  { "uv": [ 13.5, 3.25, 15, 4.75 ], "texture": "#texture" },
        "east":  { "uv": [ 13.5, 3.25, 15, 4.75 ], "texture": "#texture" }
    }
},
{
    "from": [ 15.25, -4.75, 8.25 ],
    "to": [ 17, -3.75, 8.75 ],
    "faces": {
        "down":  { "uv": [ 11.375, 3.375, 16, 4.625 ], "texture": "#texture" },
        "up":    { "uv": [ 11.375, 3.375, 16, 4.625 ], "texture": "#texture" },
        "north": { "uv": [ 12.125, 4.125, 15.875, 4.875 ], "texture": "#texture" },
        "south": { "uv": [ 12.125, 4.125, 15.875, 4.875 ], "texture": "#texture" },
        "west":  { "uv": [ 13.5, 3.25, 15, 4.75 ], "texture": "#texture" },
        "east":  { "uv": [ 13.5, 3.25, 15, 4.75 ], "texture": "#texture" }
    }
},
{
    "from": [ 15.25, 17.75, 8.25 ],
    "to": [ 17, 18.75, 8.75 ],
    "faces": {
        "down":  { "uv": [ 11.375, 3.375, 16, 4.625 ], "texture": "#texture" },
        "up":    { "uv": [ 11.375, 3.375, 16, 4.625 ], "texture": "#texture" },
        "north": { "uv": [ 12.125, 4.125, 15.875, 4.875 ], "texture": "#texture" },
        "south": { "uv": [ 12.125, 4.125, 15.875, 4.875 ], "texture": "#texture" },
        "west":  { "uv": [ 13.5, 3.25, 15, 4.75 ], "texture": "#texture" },
        "east":  { "uv": [ 13.5, 3.25, 15, 4.75 ], "texture": "#texture" }
    }
},
{
    "from": [ 5.625, 4.625, 7.5 ],
    "to": [ 7.625, 4.875, 9.5 ],
    "faces": {
        "down":  { "uv": [ 12.875, 3.375, 14.875, 4.625 ], "texture": "#texture" },
        "up":    { "uv": [ 12.875, 3.375, 14.875, 4.625 ], "texture": "#texture" },
        "north": { "uv": [ 13.5, 4.375, 15.5, 4.625 ], "texture": "#texture" },
        "south": { "uv": [ 13.5, 4.375, 15.5, 4.625 ], "texture": "#texture" },
        "west":  { "uv": [ 13.25, 3.5, 15.25, 3.75 ], "texture": "#texture" },
        "east":  { "uv": [ 13.25, 3.5, 15.25, 3.75 ], "texture": "#texture" }
    }
},
{
    "from": [ 5.375, 8.75, 7.25 ],
    "to": [ 7.875, 9.5, 9.75 ],
    "faces": {
        "down":  { "uv": [ 12.875, 3.375, 14.875, 4.625 ], "texture": "#texture" },
        "up":    { "uv": [ 12.875, 3.375, 14.875, 4.625 ], "texture": "#texture" },
        "north": { "uv": [ 13.5, 4.375, 15.5, 4.625 ], "texture": "#texture" },
        "south": { "uv": [ 13.5, 4.375, 15.5, 4.625 ], "texture": "#texture" },
        "west":  { "uv": [ 13.25, 3.5, 15.25, 3.75 ], "texture": "#texture" },
        "east":  { "uv": [ 13.25, 3.5, 15.25, 3.75 ], "texture": "#texture" }
    }
},
{
    "from": [ 5.25, 8.875, 7.125 ],
    "to": [ 8, 9.375, 9.875 ],
    "faces": {
        "down":  { "uv": [ 12.875, 3.375, 14.875, 4.625 ], "texture": "#texture" },
        "up":    { "uv": [ 12.875, 3.375, 14.875, 4.625 ], "texture": "#texture" },
        "north": { "uv": [ 13.5, 4.375, 15.5, 4.625 ], "texture": "#texture" },
        "south": { "uv": [ 13.5, 4.375, 15.5, 4.625 ], "texture": "#texture" },
        "west":  { "uv": [ 13.25, 3.5, 15.25, 3.75 ], "texture": "#texture" },
        "east":  { "uv": [ 13.25, 3.5, 15.25, 3.75 ], "texture": "#texture" }
    }
},
{
    "from": [ 5.625, 9.375, 7.5 ],
    "to": [ 7.625, 9.625, 9.5 ],
    "faces": {
        "down":  { "uv": [ 12.875, 3.375, 14.875, 4.625 ], "texture": "#texture" },
        "up":    { "uv": [ 12.875, 3.375, 14.875, 4.625 ], "texture": "#texture" },
        "north": { "uv": [ 13.5, 4.375, 15.5, 4.625 ], "texture": "#texture" },
        "south": { "uv": [ 13.5, 4.375, 15.5, 4.625 ], "texture": "#texture" },
        "west":  { "uv": [ 13.25, 3.5, 15.25, 3.75 ], "texture": "#texture" },
        "east":  { "uv": [ 13.25, 3.5, 15.25, 3.75 ], "texture": "#texture" }
    }
},
{
    "from": [ 15.3381, 9.375, 8.0625 ],
    "to": [ 15.8381, 18.25, 8.9375 ],
    "rotation": { "origin": [ 15.3381, 18.25, 8.0625 ], "axis": "z", "angle": -45 },
    "faces": {
        "down":  { "uv": [ 9.125, 8.0625, 9.625, 8.9375 ], "texture": "#texture" },
        "up":    { "uv": [ 7.75, 1.625, 8.25, 2.5 ], "texture": "#texture" },
        "north": { "uv": [ 3.125, 1.125, 13.25, 2 ], "rotation": 90, "texture": "#texture" },
        "south": { "uv": [ 3.125, 1.125, 13.25, 2 ], "rotation": 90, "texture": "#texture" },
        "west":  { "uv": [ 2.25, 1.125, 13.75, 1.875 ], "rotation": 90, "texture": "#texture" },
        "east":  { "uv": [ 2.25, 1.125, 13.75, 1.875 ], "rotation": 90, "texture": "#texture" }
    }
},
{
    "from": [ 9.125, -6.875, 8.0625 ],
    "to": [ 9.625, 2, 8.9375 ],
    "rotation": { "origin": [ 9.125, 2, 8.0625 ], "axis": "z", "angle": 45 },
    "faces": {
        "down":  { "uv": [ 9.125, 8.0625, 9.625, 8.9375 ], "texture": "#texture" },
        "up":    { "uv": [ 7.75, 1.625, 8.25, 2.5 ], "texture": "#texture" },
        "north": { "uv": [ 3.125, 1.125, 13.25, 2 ], "rotation": 90, "texture": "#texture" },
        "south": { "uv": [ 3.125, 1.125, 13.25, 2 ], "rotation": 90, "texture": "#texture" },
        "west":  { "uv": [ 2.25, 1.125, 13.75, 1.875 ], "rotation": 90, "texture": "#texture" },
        "east":  { "uv": [ 2.25, 1.125, 13.75, 1.875 ], "rotation": 90, "texture": "#texture" }
    }
},
{
    "from": [ 15.625, 11.5, 8.25 ],
    "to": [ 15.75, 18, 8.75 ],
    "rotation": { "origin": [ 15.625, 18, 8.25 ], "axis": "z", "angle": -22.5 },
    "faces": {
        "down":  { "uv": [ 7.5, 7.5, 8.375, 8.5 ], "texture": "#texture" },
        "up":    { "uv": [ 7.5, 7.5, 8.375, 8.5 ], "texture": "#texture" },
        "north": { "uv": [ 12.5, 5.125, 13.375, 8.875 ], "texture": "#texture" },
        "south": { "uv": [ 12.5, 5.125, 13.375, 8.875 ], "texture": "#texture" },
        "west":  { "uv": [ 5.5, 5.5, 7.625, 8.625 ], "texture": "#texture" },
        "east":  { "uv": [ 5.5, 5.5, 7.625, 8.625 ], "texture": "#texture" }
    }
},
{
    "from": [ 13.125, -4.375, 8.25 ],
    "to": [ 13.25, 2.125, 8.75 ],
    "rotation": { "origin": [ 13.125, 2.125, 8.25 ], "axis": "z", "angle": 22.5 },
    "faces": {
        "down":  { "uv": [ 7.5, 7.5, 8.375, 8.5 ], "texture": "#texture" },
        "up":    { "uv": [ 7.5, 7.5, 8.375, 8.5 ], "texture": "#texture" },
        "north": { "uv": [ 12.5, 5.125, 13.375, 8.875 ], "texture": "#texture" },
        "south": { "uv": [ 12.5, 5.125, 13.375, 8.875 ], "texture": "#texture" },
        "west":  { "uv": [ 5.5, 5.5, 7.625, 8.625 ], "texture": "#texture" },
        "east":  { "uv": [ 5.5, 5.5, 7.625, 8.625 ], "texture": "#texture" }
    }
},
{
    "from": [ 13.125, 2.125, 8.25 ],
    "to": [ 13.25, 12.125, 8.75 ],
    "faces": {
        "down":  { "uv": [ 7.5, 7.5, 8.375, 8.5 ], "texture": "#texture" },
        "up":    { "uv": [ 7.5, 7.5, 8.375, 8.5 ], "texture": "#texture" },
        "north": { "uv": [ 12.5, 5.125, 13.375, 8.875 ], "texture": "#texture" },
        "south": { "uv": [ 12.5, 5.125, 13.375, 8.875 ], "texture": "#texture" },
        "west":  { "uv": [ 5.5, 5.5, 7.625, 8.625 ], "texture": "#texture" },
        "east":  { "uv": [ 5.5, 5.5, 7.625, 8.625 ], "texture": "#texture" }
    }
},
{
    "from": [ 2.625, 9.125, 4.5 ],
    "to": [ 10.5, 9.1875, 12.5 ],
    "faces": {
        "down":  { "uv": [ 0, 16, 16, 0 ], "texture": "#air_anim3" },
        "up":    { "uv": [ 0, 0, 16, 16 ], "texture": "#air_anim3" },
        "north": { "uv": [ 0, 0, 0, 0 ], "texture": "#air_anim3" },
        "south": { "uv": [ 0, 0, 0, 0 ], "texture": "#air_anim3" },
        "west":  { "uv": [ 0, 0, 0, 0 ], "texture": "#air_anim3" },
        "east":  { "uv": [ 0, 0, 0, 0 ], "texture": "#air_anim3" }
    }
},
{
    "from": [ 2.75, 5.125, 4.5 ],
    "to": [ 10.5, 5.1875, 12.5 ],
    "faces": {
        "down":  { "uv": [ 0, 16, 16, 0 ], "texture": "#air_anim3" },
        "up":    { "uv": [ 0, 0, 16, 16 ], "texture": "#air_anim3" },
        "north": { "uv": [ 0, 0, 0, 0 ], "texture": "#air_anim3" },
        "south": { "uv": [ 0, 0, 0, 0 ], "texture": "#air_anim3" },
        "west":  { "uv": [ 0, 0, 0, 0 ], "texture": "#air_anim3" },
        "east":  { "uv": [ 0, 0, 0, 0 ], "texture": "#air_anim3" }
    }
}
],
"display": {
    "thirdperson_righthand": {
        "rotation": [ 0, -90, 0 ],
        "translation": [ 1, 0, 4 ],
        "scale": [ 1.25, 1.5, 1.25 ]
    },
    "thirdperson_lefthand": {
        "rotation": [ 0, 90, 0 ],
        "translation": [ 1, 0, 4 ],
        "scale": [ 1.25, 1.5, 1.25 ]
    },
    "ground": {
        "rotation": [ 0, 0, 0 ],
        "translation": [ 0, 4, 0 ],
        "scale": [ 0.5, 0.5, 0.5 ]
    },
    "fixed": {
        "rotation": [ 0, 0, 0 ],
        "translation": [ -2.5, 1, 0 ],
        "scale": [ 0.8, 0.8, 0.8 ]
    },
    "firstperson_righthand": {
        "rotation": [ 0, -100, 0 ],
        "translation": [ 1.5, 7, -1.5 ],
        "scale": [ 0.75, 0.75, 0.75 ]
    },
    "firstperson_lefthand": {
        "rotation": [ 0, 100, 0 ],
        "translation": [ -1.5, 7, -1.5 ],
        "scale": [ 0.75, 0.75, 0.75 ]
    },
    "gui": {
        "rotation": [ 0, 0, -45 ],
        "translation": [ -2, 3, 0 ],
        "scale": [ 0.75, 0.75, 0.75 ]
    }
}
}