{
"__comment": "Designed by MasterianoX",
"textures": {
    "particle": "items/wynn/weapons/sets/holy_set/holy_bow",
    "texture": "items/wynn/weapons/sets/holy_set/holy_bow"
},
"elements": [ 
{
    "from": [ 3, 11, 6.5 ],
    "to": [ 4, 11.5, 9.5 ],
    "faces": {
        "down":  { "uv": [ 3, 11.5, 4, 11 ], "texture": "#texture" },
        "up":    { "uv": [ 3, 11, 4, 11.5 ], "texture": "#texture" },
        "north": { "uv": [ 4, 11, 3, 11.5 ], "texture": "#texture" },
        "south": { "uv": [ 3, 11, 4, 11.5 ], "texture": "#texture" },
        "west":  { "uv": [ 3, 11, 3.5, 11.5 ], "texture": "#texture" },
        "east":  { "uv": [ 4, 11, 3.5, 11.5 ], "texture": "#texture" }
    }
},
{
    "from": [ 3, 10.5, 6.5 ],
    "to": [ 4, 11, 9.5 ],
    "faces": {
        "down":  { "uv": [ 9.5, 5.5, 10.5, 5 ], "texture": "#texture" },
        "up":    { "uv": [ 9.5, 5, 10.5, 5.5 ], "texture": "#texture" },
        "north": { "uv": [ 10.5, 5, 9.5, 5.5 ], "texture": "#texture" },
        "south": { "uv": [ 9.5, 5, 10.5, 5.5 ], "texture": "#texture" },
        "west":  { "uv": [ 9.5, 5, 10, 5.5 ], "texture": "#texture" },
        "east":  { "uv": [ 10.5, 5, 10, 5.5 ], "texture": "#texture" }
    }
},
{
    "from": [ 1, 11, 7 ],
    "to": [ 5.5, 11.5, 9 ],
    "faces": {
        "down":  { "uv": [ 1, 11.5, 5.5, 11 ], "texture": "#texture" },
        "up":    { "uv": [ 1, 11, 5.5, 11.5 ], "texture": "#texture" },
        "north": { "uv": [ 5.5, 11, 1, 11.5 ], "texture": "#texture" },
        "south": { "uv": [ 1, 11, 5.5, 11.5 ], "texture": "#texture" },
        "west":  { "uv": [ 1, 11, 1.5, 11.5 ], "texture": "#texture" },
        "east":  { "uv": [ 5.5, 11, 5, 11.5 ], "texture": "#texture" }
    }
},
{
    "from": [ 2, 14.5, 7 ],
    "to": [ 3, 16, 9 ],
    "faces": {
        "down":  { "uv": [ 2, 8, 3, 7.5 ], "texture": "#texture" },
        "up":    { "uv": [ 2, 6.5, 3, 7 ], "texture": "#texture" },
        "north": { "uv": [ 3, 6.5, 2, 8 ], "texture": "#texture" },
        "south": { "uv": [ 2, 6.5, 3, 8 ], "texture": "#texture" },
        "west":  { "uv": [ 2, 6.5, 2.5, 8 ], "texture": "#texture" },
        "east":  { "uv": [ 3, 6.5, 2.5, 8 ], "texture": "#texture" }
    }
},
{
    "from": [ 2, 11.5, 7 ],
    "to": [ 5, 12, 9 ],
    "faces": {
        "down":  { "uv": [ 2, 11, 5, 10.5 ], "texture": "#texture" },
        "up":    { "uv": [ 2, 10.5, 5, 11 ], "texture": "#texture" },
        "north": { "uv": [ 5, 10.5, 2, 11 ], "texture": "#texture" },
        "south": { "uv": [ 2, 10.5, 5, 11 ], "texture": "#texture" },
        "west":  { "uv": [ 2, 10.5, 2.5, 11 ], "texture": "#texture" },
        "east":  { "uv": [ 5, 10.5, 4.5, 11 ], "texture": "#texture" }
    }
},
{
    "from": [ 2.5, 16, 7 ],
    "to": [ 3.5, 17, 9 ],
    "faces": {
        "down":  { "uv": [ 2.5, 6.5, 3.5, 6 ], "texture": "#texture" },
        "up":    { "uv": [ 2.5, 5.5, 3.5, 6 ], "texture": "#texture" },
        "north": { "uv": [ 3.5, 5.5, 2.5, 6.5 ], "texture": "#texture" },
        "south": { "uv": [ 2.5, 5.5, 3.5, 6.5 ], "texture": "#texture" },
        "west":  { "uv": [ 2.5, 5.5, 3, 6.5 ], "texture": "#texture" },
        "east":  { "uv": [ 3.5, 5.5, 3, 6.5 ], "texture": "#texture" }
    }
},
{
    "from": [ 2.5, 12, 7 ],
    "to": [ 4.5, 12.5, 9 ],
    "faces": {
        "down":  { "uv": [ 2.5, 10.5, 4.5, 10 ], "texture": "#texture" },
        "up":    { "uv": [ 2.5, 10, 4.5, 10.5 ], "texture": "#texture" },
        "north": { "uv": [ 4.5, 10, 2.5, 10.5 ], "texture": "#texture" },
        "south": { "uv": [ 2.5, 10, 4.5, 10.5 ], "texture": "#texture" },
        "west":  { "uv": [ 2.5, 10, 3, 10.5 ], "texture": "#texture" },
        "east":  { "uv": [ 4.5, 10, 4, 10.5 ], "texture": "#texture" }
    }
},
{
    "from": [ 3, 17, 7 ],
    "to": [ 4, 18, 9 ],
    "faces": {
        "down":  { "uv": [ 3, 5.5, 4, 5 ], "texture": "#texture" },
        "up":    { "uv": [ 3, 4.5, 4, 5 ], "texture": "#texture" },
        "north": { "uv": [ 4, 4.5, 3, 5.5 ], "texture": "#texture" },
        "south": { "uv": [ 3, 4.5, 4, 5.5 ], "texture": "#texture" },
        "west":  { "uv": [ 3, 4.5, 3.5, 5.5 ], "texture": "#texture" },
        "east":  { "uv": [ 4, 4.5, 3.5, 5.5 ], "texture": "#texture" }
    }
},
{
    "from": [ 3, 15.5, 7 ],
    "to": [ 3.5, 16, 9 ],
    "faces": {
        "down":  { "uv": [ 3, 7, 3.5, 6.5 ], "texture": "#texture" },
        "up":    { "uv": [ 3, 6.5, 3.5, 7 ], "texture": "#texture" },
        "north": { "uv": [ 3.5, 6.5, 3, 7 ], "texture": "#texture" },
        "south": { "uv": [ 3, 6.5, 3.5, 7 ], "texture": "#texture" },
        "west":  { "uv": [ 3, 6.5, 3.5, 7 ], "texture": "#texture" },
        "east":  { "uv": [ 3.5, 6.5, 3, 7 ], "texture": "#texture" }
    }
},
{
    "from": [ 3, 14.5, 7 ],
    "to": [ 3.5, 15, 9 ],
    "faces": {
        "down":  { "uv": [ 3, 8, 3.5, 7.5 ], "texture": "#texture" },
        "up":    { "uv": [ 3, 7.5, 3.5, 8 ], "texture": "#texture" },
        "north": { "uv": [ 3.5, 7.5, 3, 8 ], "texture": "#texture" },
        "south": { "uv": [ 3, 7.5, 3.5, 8 ], "texture": "#texture" },
        "west":  { "uv": [ 3, 7.5, 3.5, 8 ], "texture": "#texture" },
        "east":  { "uv": [ 3.5, 7.5, 3, 8 ], "texture": "#texture" }
    }
},
{
    "from": [ 3, 12.5, 7 ],
    "to": [ 4.5, 13, 9 ],
    "faces": {
        "down":  { "uv": [ 3, 10, 4.5, 9.5 ], "texture": "#texture" },
        "up":    { "uv": [ 3, 9.5, 4.5, 10 ], "texture": "#texture" },
        "north": { "uv": [ 4.5, 9.5, 3, 10 ], "texture": "#texture" },
        "south": { "uv": [ 3, 9.5, 4.5, 10 ], "texture": "#texture" },
        "west":  { "uv": [ 3, 9.5, 3.5, 10 ], "texture": "#texture" },
        "east":  { "uv": [ 4.5, 9.5, 4, 10 ], "texture": "#texture" }
    }
},
{
    "from": [ 3.5, 14, 7 ],
    "to": [ 4, 14.5, 9 ],
    "faces": {
        "down":  { "uv": [ 3.5, 8.5, 4, 8 ], "texture": "#texture" },
        "up":    { "uv": [ 3.5, 8, 4, 8.5 ], "texture": "#texture" },
        "north": { "uv": [ 4, 8, 3.5, 8.5 ], "texture": "#texture" },
        "south": { "uv": [ 3.5, 8, 4, 8.5 ], "texture": "#texture" },
        "west":  { "uv": [ 3.5, 8, 4, 8.5 ], "texture": "#texture" },
        "east":  { "uv": [ 4, 8, 3.5, 8.5 ], "texture": "#texture" }
    }
},
{
    "from": [ 3.5, 13, 7 ],
    "to": [ 4.5, 13.5, 9 ],
    "faces": {
        "down":  { "uv": [ 3.5, 9.5, 4.5, 9 ], "texture": "#texture" },
        "up":    { "uv": [ 3.5, 9, 4.5, 9.5 ], "texture": "#texture" },
        "north": { "uv": [ 4.5, 9, 3.5, 9.5 ], "texture": "#texture" },
        "south": { "uv": [ 3.5, 9, 4.5, 9.5 ], "texture": "#texture" },
        "west":  { "uv": [ 3.5, 9, 4, 9.5 ], "texture": "#texture" },
        "east":  { "uv": [ 4.5, 9, 4, 9.5 ], "texture": "#texture" }
    }
},
{
    "from": [ 4, 17.5, 7 ],
    "to": [ 5.5, 18.5, 9 ],
    "faces": {
        "down":  { "uv": [ 4, 5, 5.5, 4.5 ], "texture": "#texture" },
        "up":    { "uv": [ 4, 4, 5.5, 4.5 ], "texture": "#texture" },
        "north": { "uv": [ 5.5, 4, 4, 5 ], "texture": "#texture" },
        "south": { "uv": [ 4, 4, 5.5, 5 ], "texture": "#texture" },
        "west":  { "uv": [ 4, 4, 4.5, 5 ], "texture": "#texture" },
        "east":  { "uv": [ 5.5, 4, 5, 5 ], "texture": "#texture" }
    }
},
{
    "from": [ 4, 13.5, 7 ],
    "to": [ 4.5, 14, 9 ],
    "faces": {
        "down":  { "uv": [ 4, 9, 4.5, 8.5 ], "texture": "#texture" },
        "up":    { "uv": [ 4, 8.5, 4.5, 9 ], "texture": "#texture" },
        "north": { "uv": [ 4.5, 8.5, 4, 9 ], "texture": "#texture" },
        "south": { "uv": [ 4, 8.5, 4.5, 9 ], "texture": "#texture" },
        "west":  { "uv": [ 4, 8.5, 4.5, 9 ], "texture": "#texture" },
        "east":  { "uv": [ 4.5, 8.5, 4, 9 ], "texture": "#texture" }
    }
},
{
    "from": [ 4.5, 18.5, 7 ],
    "to": [ 6, 19, 9 ],
    "faces": {
        "down":  { "uv": [ 4.5, 4, 6, 3.5 ], "texture": "#texture" },
        "up":    { "uv": [ 4.5, 3.5, 6, 4 ], "texture": "#texture" },
        "north": { "uv": [ 6, 3.5, 4.5, 4 ], "texture": "#texture" },
        "south": { "uv": [ 4.5, 3.5, 6, 4 ], "texture": "#texture" },
        "west":  { "uv": [ 4.5, 3.5, 5, 4 ], "texture": "#texture" },
        "east":  { "uv": [ 6, 3.5, 5.5, 4 ], "texture": "#texture" }
    }
},
{
    "from": [ 5, 19, 7 ],
    "to": [ 6.5, 19.5, 9 ],
    "faces": {
        "down":  { "uv": [ 5, 3.5, 6.5, 3 ], "texture": "#texture" },
        "up":    { "uv": [ 5, 3, 6.5, 3.5 ], "texture": "#texture" },
        "north": { "uv": [ 6.5, 3, 5, 3.5 ], "texture": "#texture" },
        "south": { "uv": [ 5, 3, 6.5, 3.5 ], "texture": "#texture" },
        "west":  { "uv": [ 5, 3, 5.5, 3.5 ], "texture": "#texture" },
        "east":  { "uv": [ 6.5, 3, 6, 3.5 ], "texture": "#texture" }
    }
},
{
    "from": [ 5.5, 18, 7 ],
    "to": [ 6, 18.5, 9 ],
    "faces": {
        "down":  { "uv": [ 5.5, 4.5, 6, 4 ], "texture": "#texture" },
        "up":    { "uv": [ 5.5, 4, 6, 4.5 ], "texture": "#texture" },
        "north": { "uv": [ 6, 4, 5.5, 4.5 ], "texture": "#texture" },
        "south": { "uv": [ 5.5, 4, 6, 4.5 ], "texture": "#texture" },
        "west":  { "uv": [ 5.5, 4, 6, 4.5 ], "texture": "#texture" },
        "east":  { "uv": [ 6, 4, 5.5, 4.5 ], "texture": "#texture" }
    }
},
{
    "from": [ 6, 20, 7 ],
    "to": [ 7, 20.5, 9 ],
    "faces": {
        "down":  { "uv": [ 6, 2.5, 7, 2 ], "texture": "#texture" },
        "up":    { "uv": [ 6, 2, 7, 2.5 ], "texture": "#texture" },
        "north": { "uv": [ 7, 2, 6, 2.5 ], "texture": "#texture" },
        "south": { "uv": [ 6, 2, 7, 2.5 ], "texture": "#texture" },
        "west":  { "uv": [ 6, 2, 6.5, 2.5 ], "texture": "#texture" },
        "east":  { "uv": [ 7, 2, 6.5, 2.5 ], "texture": "#texture" }
    }
},
{
    "from": [ 6, 11, 7 ],
    "to": [ 8, 11.5, 9 ],
    "faces": {
        "down":  { "uv": [ 6, 11.5, 8, 11 ], "texture": "#texture" },
        "up":    { "uv": [ 6, 11, 8, 11.5 ], "texture": "#texture" },
        "north": { "uv": [ 8, 11, 6, 11.5 ], "texture": "#texture" },
        "south": { "uv": [ 6, 11, 8, 11.5 ], "texture": "#texture" },
        "west":  { "uv": [ 6, 11, 6.5, 11.5 ], "texture": "#texture" },
        "east":  { "uv": [ 8, 11, 7.5, 11.5 ], "texture": "#texture" }
    }
},
{
    "from": [ 6.5, 19.5, 7 ],
    "to": [ 7, 20, 9 ],
    "faces": {
        "down":  { "uv": [ 6.5, 3, 7, 2.5 ], "texture": "#texture" },
        "up":    { "uv": [ 6.5, 2.5, 7, 3 ], "texture": "#texture" },
        "north": { "uv": [ 7, 2.5, 6.5, 3 ], "texture": "#texture" },
        "south": { "uv": [ 6.5, 2.5, 7, 3 ], "texture": "#texture" },
        "west":  { "uv": [ 6.5, 2.5, 7, 3 ], "texture": "#texture" },
        "east":  { "uv": [ 7, 2.5, 6.5, 3 ], "texture": "#texture" }
    }
},
{
    "from": [ 6.5, 11.5, 7 ],
    "to": [ 7.5, 12, 9 ],
    "faces": {
        "down":  { "uv": [ 6.5, 11, 7.5, 10.5 ], "texture": "#texture" },
        "up":    { "uv": [ 6.5, 10.5, 7.5, 11 ], "texture": "#texture" },
        "north": { "uv": [ 7.5, 10.5, 6.5, 11 ], "texture": "#texture" },
        "south": { "uv": [ 6.5, 10.5, 7.5, 11 ], "texture": "#texture" },
        "west":  { "uv": [ 6.5, 10.5, 7, 11 ], "texture": "#texture" },
        "east":  { "uv": [ 7.5, 10.5, 7, 11 ], "texture": "#texture" }
    }
},
{
    "from": [ 1, 10.5, 7 ],
    "to": [ 5.5, 11, 9 ],
    "faces": {
        "down":  { "uv": [ 7.5, 5.5, 12, 5 ], "texture": "#texture" },
        "up":    { "uv": [ 7.5, 5, 12, 5.5 ], "texture": "#texture" },
        "north": { "uv": [ 12, 5, 7.5, 5.5 ], "texture": "#texture" },
        "south": { "uv": [ 7.5, 5, 12, 5.5 ], "texture": "#texture" },
        "west":  { "uv": [ 7.5, 5, 8, 5.5 ], "texture": "#texture" },
        "east":  { "uv": [ 12, 5, 11.5, 5.5 ], "texture": "#texture" }
    }
},
{
    "from": [ 2, 10, 7 ],
    "to": [ 5, 10.5, 9 ],
    "faces": {
        "down":  { "uv": [ 8.5, 6, 11.5, 5.5 ], "texture": "#texture" },
        "up":    { "uv": [ 8.5, 5.5, 11.5, 6 ], "texture": "#texture" },
        "north": { "uv": [ 11.5, 5.5, 8.5, 6 ], "texture": "#texture" },
        "south": { "uv": [ 8.5, 5.5, 11.5, 6 ], "texture": "#texture" },
        "west":  { "uv": [ 8.5, 5.5, 9, 6 ], "texture": "#texture" },
        "east":  { "uv": [ 11.5, 5.5, 11, 6 ], "texture": "#texture" }
    }
},
{
    "from": [ 2, 6.5, 7 ],
    "to": [ 3.5, 7.5, 9 ],
    "faces": {
        "down":  { "uv": [ 8.5, 9.5, 10, 9 ], "texture": "#texture" },
        "up":    { "uv": [ 8.5, 8.5, 10, 9 ], "texture": "#texture" },
        "north": { "uv": [ 10, 8.5, 8.5, 9.5 ], "texture": "#texture" },
        "south": { "uv": [ 8.5, 8.5, 10, 9.5 ], "texture": "#texture" },
        "west":  { "uv": [ 8.5, 8.5, 9, 9.5 ], "texture": "#texture" },
        "east":  { "uv": [ 10, 8.5, 9.5, 9.5 ], "texture": "#texture" }
    }
},
{
    "from": [ 2.5, 6, 7 ],
    "to": [ 3.5, 6.5, 9 ],
    "faces": {
        "down":  { "uv": [ 9, 10, 10, 9.5 ], "texture": "#texture" },
        "up":    { "uv": [ 9, 9.5, 10, 10 ], "texture": "#texture" },
        "north": { "uv": [ 10, 9.5, 9, 10 ], "texture": "#texture" },
        "south": { "uv": [ 9, 9.5, 10, 10 ], "texture": "#texture" },
        "west":  { "uv": [ 9, 9.5, 9.5, 10 ], "texture": "#texture" },
        "east":  { "uv": [ 10, 9.5, 9.5, 10 ], "texture": "#texture" }
    }
},
{
    "from": [ 3, 9.5, 7 ],
    "to": [ 4.5, 10, 9 ],
    "faces": {
        "down":  { "uv": [ 9.5, 6.5, 11, 6 ], "texture": "#texture" },
        "up":    { "uv": [ 9.5, 6, 11, 6.5 ], "texture": "#texture" },
        "north": { "uv": [ 11, 6, 9.5, 6.5 ], "texture": "#texture" },
        "south": { "uv": [ 9.5, 6, 11, 6.5 ], "texture": "#texture" },
        "west":  { "uv": [ 9.5, 6, 10, 6.5 ], "texture": "#texture" },
        "east":  { "uv": [ 11, 6, 10.5, 6.5 ], "texture": "#texture" }
    }
},
{
    "from": [ 3, 5.5, 7 ],
    "to": [ 4, 6, 9 ],
    "faces": {
        "down":  { "uv": [ 9.5, 10.5, 10.5, 10 ], "texture": "#texture" },
        "up":    { "uv": [ 9.5, 10, 10.5, 10.5 ], "texture": "#texture" },
        "north": { "uv": [ 10.5, 10, 9.5, 10.5 ], "texture": "#texture" },
        "south": { "uv": [ 9.5, 10, 10.5, 10.5 ], "texture": "#texture" },
        "west":  { "uv": [ 9.5, 10, 10, 10.5 ], "texture": "#texture" },
        "east":  { "uv": [ 10.5, 10, 10, 10.5 ], "texture": "#texture" }
    }
},
{
    "from": [ 3.5, 8.5, 7 ],
    "to": [ 5, 9.5, 9 ],
    "faces": {
        "down":  { "uv": [ 10, 7.5, 11.5, 7 ], "texture": "#texture" },
        "up":    { "uv": [ 10, 6.5, 11.5, 7 ], "texture": "#texture" },
        "north": { "uv": [ 11.5, 6.5, 10, 7.5 ], "texture": "#texture" },
        "south": { "uv": [ 10, 6.5, 11.5, 7.5 ], "texture": "#texture" },
        "west":  { "uv": [ 10, 6.5, 10.5, 7.5 ], "texture": "#texture" },
        "east":  { "uv": [ 11.5, 6.5, 11, 7.5 ], "texture": "#texture" }
    }
},
{
    "from": [ 3.5, 7.5, 7 ],
    "to": [ 4, 8, 9 ],
    "faces": {
        "down":  { "uv": [ 10, 8.5, 10.5, 8 ], "texture": "#texture" },
        "up":    { "uv": [ 10, 8, 10.5, 8.5 ], "texture": "#texture" },
        "north": { "uv": [ 10.5, 8, 10, 8.5 ], "texture": "#texture" },
        "south": { "uv": [ 10, 8, 10.5, 8.5 ], "texture": "#texture" },
        "west":  { "uv": [ 10, 8, 10.5, 8.5 ], "texture": "#texture" },
        "east":  { "uv": [ 10.5, 8, 10, 8.5 ], "texture": "#texture" }
    }
},
{
    "from": [ 3.5, 5, 7 ],
    "to": [ 4.5, 5.5, 9 ],
    "faces": {
        "down":  { "uv": [ 10, 11, 11, 10.5 ], "texture": "#texture" },
        "up":    { "uv": [ 10, 10.5, 11, 11 ], "texture": "#texture" },
        "north": { "uv": [ 11, 10.5, 10, 11 ], "texture": "#texture" },
        "south": { "uv": [ 10, 10.5, 11, 11 ], "texture": "#texture" },
        "west":  { "uv": [ 10, 10.5, 10.5, 11 ], "texture": "#texture" },
        "east":  { "uv": [ 11, 10.5, 10.5, 11 ], "texture": "#texture" }
    }
},
{
    "from": [ 4, 8, 7 ],
    "to": [ 4.5, 8.5, 9 ],
    "faces": {
        "down":  { "uv": [ 10.5, 8, 11, 7.5 ], "texture": "#texture" },
        "up":    { "uv": [ 10.5, 7.5, 11, 8 ], "texture": "#texture" },
        "north": { "uv": [ 11, 7.5, 10.5, 8 ], "texture": "#texture" },
        "south": { "uv": [ 10.5, 7.5, 11, 8 ], "texture": "#texture" },
        "west":  { "uv": [ 10.5, 7.5, 11, 8 ], "texture": "#texture" },
        "east":  { "uv": [ 11, 7.5, 10.5, 8 ], "texture": "#texture" }
    }
},
{
    "from": [ 4, 4, 7 ],
    "to": [ 5.5, 5, 9 ],
    "faces": {
        "down":  { "uv": [ 10.5, 12, 12, 11.5 ], "texture": "#texture" },
        "up":    { "uv": [ 10.5, 11, 12, 11.5 ], "texture": "#texture" },
        "north": { "uv": [ 12, 11, 10.5, 12 ], "texture": "#texture" },
        "south": { "uv": [ 10.5, 11, 12, 12 ], "texture": "#texture" },
        "west":  { "uv": [ 10.5, 11, 11, 12 ], "texture": "#texture" },
        "east":  { "uv": [ 12, 11, 11.5, 12 ], "texture": "#texture" }
    }
},
{
    "from": [ 5, 3.5, 7 ],
    "to": [ 6.5, 4, 9 ],
    "faces": {
        "down":  { "uv": [ 11.5, 12.5, 13, 12 ], "texture": "#texture" },
        "up":    { "uv": [ 11.5, 12, 13, 12.5 ], "texture": "#texture" },
        "north": { "uv": [ 13, 12, 11.5, 12.5 ], "texture": "#texture" },
        "south": { "uv": [ 11.5, 12, 13, 12.5 ], "texture": "#texture" },
        "west":  { "uv": [ 11.5, 12, 12, 12.5 ], "texture": "#texture" },
        "east":  { "uv": [ 13, 12, 12.5, 12.5 ], "texture": "#texture" }
    }
},
{
    "from": [ 5.5, 4, 7 ],
    "to": [ 6.5, 4.5, 9 ],
    "faces": {
        "down":  { "uv": [ 12, 12, 13, 11.5 ], "texture": "#texture" },
        "up":    { "uv": [ 12, 11.5, 13, 12 ], "texture": "#texture" },
        "north": { "uv": [ 13, 11.5, 12, 12 ], "texture": "#texture" },
        "south": { "uv": [ 12, 11.5, 13, 12 ], "texture": "#texture" },
        "west":  { "uv": [ 12, 11.5, 12.5, 12 ], "texture": "#texture" },
        "east":  { "uv": [ 13, 11.5, 12.5, 12 ], "texture": "#texture" }
    }
},
{
    "from": [ 5.5, 3, 7 ],
    "to": [ 6.5, 3.5, 9 ],
    "faces": {
        "down":  { "uv": [ 12, 13, 13, 12.5 ], "texture": "#texture" },
        "up":    { "uv": [ 12, 12.5, 13, 13 ], "texture": "#texture" },
        "north": { "uv": [ 13, 12.5, 12, 13 ], "texture": "#texture" },
        "south": { "uv": [ 12, 12.5, 13, 13 ], "texture": "#texture" },
        "west":  { "uv": [ 12, 12.5, 12.5, 13 ], "texture": "#texture" },
        "east":  { "uv": [ 13, 12.5, 12.5, 13 ], "texture": "#texture" }
    }
},
{
    "from": [ 6, 10.5, 7 ],
    "to": [ 7, 11, 9 ],
    "faces": {
        "down":  { "uv": [ 12.5, 5.5, 13.5, 5 ], "texture": "#texture" },
        "up":    { "uv": [ 12.5, 5, 13.5, 5.5 ], "texture": "#texture" },
        "north": { "uv": [ 13.5, 5, 12.5, 5.5 ], "texture": "#texture" },
        "south": { "uv": [ 12.5, 5, 13.5, 5.5 ], "texture": "#texture" },
        "west":  { "uv": [ 12.5, 5, 13, 5.5 ], "texture": "#texture" },
        "east":  { "uv": [ 13.5, 5, 13, 5.5 ], "texture": "#texture" }
    }
},
{
    "from": [ 6, 2.5, 7 ],
    "to": [ 7.5, 3, 9 ],
    "faces": {
        "down":  { "uv": [ 12.5, 13.5, 14, 13 ], "texture": "#texture" },
        "up":    { "uv": [ 12.5, 13, 14, 13.5 ], "texture": "#texture" },
        "north": { "uv": [ 14, 13, 12.5, 13.5 ], "texture": "#texture" },
        "south": { "uv": [ 12.5, 13, 14, 13.5 ], "texture": "#texture" },
        "west":  { "uv": [ 12.5, 13, 13, 13.5 ], "texture": "#texture" },
        "east":  { "uv": [ 14, 13, 13.5, 13.5 ], "texture": "#texture" }
    }
},
{
    "from": [ 6.5, 10, 7 ],
    "to": [ 7, 10.5, 9 ],
    "faces": {
        "down":  { "uv": [ 13, 6, 13.5, 5.5 ], "texture": "#texture" },
        "up":    { "uv": [ 13, 5.5, 13.5, 6 ], "texture": "#texture" },
        "north": { "uv": [ 13.5, 5.5, 13, 6 ], "texture": "#texture" },
        "south": { "uv": [ 13, 5.5, 13.5, 6 ], "texture": "#texture" },
        "west":  { "uv": [ 13, 5.5, 13.5, 6 ], "texture": "#texture" },
        "east":  { "uv": [ 13.5, 5.5, 13, 6 ], "texture": "#texture" }
    }
},
{
    "from": [ 7.5, 2, 7 ],
    "to": [ 8, 2.5, 9 ],
    "faces": {
        "down":  { "uv": [ 14, 14, 14.5, 13.5 ], "texture": "#texture" },
        "up":    { "uv": [ 14, 13.5, 14.5, 14 ], "texture": "#texture" },
        "north": { "uv": [ 14.5, 13.5, 14, 14 ], "texture": "#texture" },
        "south": { "uv": [ 14, 13.5, 14.5, 14 ], "texture": "#texture" },
        "west":  { "uv": [ 14, 13.5, 14.5, 14 ], "texture": "#texture" },
        "east":  { "uv": [ 14.5, 13.5, 14, 14 ], "texture": "#texture" }
    }
},
{
    "from": [ 0, 11, 7.5 ],
    "to": [ 8.5, 11.5, 8.5 ],
    "faces": {
        "down":  { "uv": [ 0, 11.5, 8.5, 11 ], "texture": "#texture" },
        "up":    { "uv": [ 0, 11, 8.5, 11.5 ], "texture": "#texture" },
        "north": { "uv": [ 8.5, 11, 0, 11.5 ], "texture": "#texture" },
        "south": { "uv": [ 0, 11, 8.5, 11.5 ], "texture": "#texture" },
        "west":  { "uv": [ 0, 11, 0.5, 11.5 ], "texture": "#texture" },
        "east":  { "uv": [ 8.5, 11, 8, 11.5 ], "texture": "#texture" }
    }
},
{
    "from": [ 0.5, 12.5, 7.5 ],
    "to": [ 1, 13, 8.5 ],
    "faces": {
        "down":  { "uv": [ 0.5, 10, 1, 9.5 ], "texture": "#texture" },
        "up":    { "uv": [ 0.5, 9.5, 1, 10 ], "texture": "#texture" },
        "north": { "uv": [ 1, 9.5, 0.5, 10 ], "texture": "#texture" },
        "south": { "uv": [ 0.5, 9.5, 1, 10 ], "texture": "#texture" },
        "west":  { "uv": [ 0.5, 9.5, 1, 10 ], "texture": "#texture" },
        "east":  { "uv": [ 1, 9.5, 0.5, 10 ], "texture": "#texture" }
    }
},
{
    "from": [ 1, 13, 7.5 ],
    "to": [ 1.5, 14, 8.5 ],
    "faces": {
        "down":  { "uv": [ 1, 9.5, 1.5, 9 ], "texture": "#texture" },
        "up":    { "uv": [ 1, 8.5, 1.5, 9 ], "texture": "#texture" },
        "north": { "uv": [ 1.5, 8.5, 1, 9.5 ], "texture": "#texture" },
        "south": { "uv": [ 1, 8.5, 1.5, 9.5 ], "texture": "#texture" },
        "west":  { "uv": [ 1, 8.5, 1.5, 9.5 ], "texture": "#texture" },
        "east":  { "uv": [ 1.5, 8.5, 1, 9.5 ], "texture": "#texture" }
    }
},
{
    "from": [ 1, 11.5, 7.5 ],
    "to": [ 5.5, 12, 8.5 ],
    "faces": {
        "down":  { "uv": [ 1, 11, 5.5, 10.5 ], "texture": "#texture" },
        "up":    { "uv": [ 1, 10.5, 5.5, 11 ], "texture": "#texture" },
        "north": { "uv": [ 5.5, 10.5, 1, 11 ], "texture": "#texture" },
        "south": { "uv": [ 1, 10.5, 5.5, 11 ], "texture": "#texture" },
        "west":  { "uv": [ 1, 10.5, 1.5, 11 ], "texture": "#texture" },
        "east":  { "uv": [ 5.5, 10.5, 5, 11 ], "texture": "#texture" }
    }
},
{
    "from": [ 1.5, 14, 7.5 ],
    "to": [ 3.5, 16, 8.5 ],
    "faces": {
        "down":  { "uv": [ 1.5, 8.5, 3.5, 8 ], "texture": "#texture" },
        "up":    { "uv": [ 1.5, 6.5, 3.5, 7 ], "texture": "#texture" },
        "north": { "uv": [ 3.5, 6.5, 1.5, 8.5 ], "texture": "#texture" },
        "south": { "uv": [ 1.5, 6.5, 3.5, 8.5 ], "texture": "#texture" },
        "west":  { "uv": [ 1.5, 6.5, 2, 8.5 ], "texture": "#texture" },
        "east":  { "uv": [ 3.5, 6.5, 3, 8.5 ], "texture": "#texture" }
    }
},
{
    "from": [ 2, 16, 7.5 ],
    "to": [ 4, 17, 8.5 ],
    "faces": {
        "down":  { "uv": [ 2, 6.5, 4, 6 ], "texture": "#texture" },
        "up":    { "uv": [ 2, 5.5, 4, 6 ], "texture": "#texture" },
        "north": { "uv": [ 4, 5.5, 2, 6.5 ], "texture": "#texture" },
        "south": { "uv": [ 2, 5.5, 4, 6.5 ], "texture": "#texture" },
        "west":  { "uv": [ 2, 5.5, 2.5, 6.5 ], "texture": "#texture" },
        "east":  { "uv": [ 4, 5.5, 3.5, 6.5 ], "texture": "#texture" }
    }
},
{
    "from": [ 2, 12, 7.5 ],
    "to": [ 5, 12.5, 8.5 ],
    "faces": {
        "down":  { "uv": [ 2, 10.5, 5, 10 ], "texture": "#texture" },
        "up":    { "uv": [ 2, 10, 5, 10.5 ], "texture": "#texture" },
        "north": { "uv": [ 5, 10, 2, 10.5 ], "texture": "#texture" },
        "south": { "uv": [ 2, 10, 5, 10.5 ], "texture": "#texture" },
        "west":  { "uv": [ 2, 10, 2.5, 10.5 ], "texture": "#texture" },
        "east":  { "uv": [ 5, 10, 4.5, 10.5 ], "texture": "#texture" }
    }
},
{
    "from": [ 2.5, 17, 7.5 ],
    "to": [ 5.5, 18, 8.5 ],
    "faces": {
        "down":  { "uv": [ 2.5, 5.5, 5.5, 5 ], "texture": "#texture" },
        "up":    { "uv": [ 2.5, 4.5, 5.5, 5 ], "texture": "#texture" },
        "north": { "uv": [ 5.5, 4.5, 2.5, 5.5 ], "texture": "#texture" },
        "south": { "uv": [ 2.5, 4.5, 5.5, 5.5 ], "texture": "#texture" },
        "west":  { "uv": [ 2.5, 4.5, 3, 5.5 ], "texture": "#texture" },
        "east":  { "uv": [ 5.5, 4.5, 5, 5.5 ], "texture": "#texture" }
    }
},
{
    "from": [ 2.5, 12.5, 7.5 ],
    "to": [ 5, 13, 8.5 ],
    "faces": {
        "down":  { "uv": [ 2.5, 10, 5, 9.5 ], "texture": "#texture" },
        "up":    { "uv": [ 2.5, 9.5, 5, 10 ], "texture": "#texture" },
        "north": { "uv": [ 5, 9.5, 2.5, 10 ], "texture": "#texture" },
        "south": { "uv": [ 2.5, 9.5, 5, 10 ], "texture": "#texture" },
        "west":  { "uv": [ 2.5, 9.5, 3, 10 ], "texture": "#texture" },
        "east":  { "uv": [ 5, 9.5, 4.5, 10 ], "texture": "#texture" }
    }
},
{
    "from": [ 3, 18, 7.5 ],
    "to": [ 6.5, 18.5, 8.5 ],
    "faces": {
        "down":  { "uv": [ 3, 4.5, 6.5, 4 ], "texture": "#texture" },
        "up":    { "uv": [ 3, 4, 6.5, 4.5 ], "texture": "#texture" },
        "north": { "uv": [ 6.5, 4, 3, 4.5 ], "texture": "#texture" },
        "south": { "uv": [ 3, 4, 6.5, 4.5 ], "texture": "#texture" },
        "west":  { "uv": [ 3, 4, 3.5, 4.5 ], "texture": "#texture" },
        "east":  { "uv": [ 6.5, 4, 6, 4.5 ], "texture": "#texture" }
    }
},
{
    "from": [ 3, 13, 7.5 ],
    "to": [ 5, 13.5, 8.5 ],
    "faces": {
        "down":  { "uv": [ 3, 9.5, 5, 9 ], "texture": "#texture" },
        "up":    { "uv": [ 3, 9, 5, 9.5 ], "texture": "#texture" },
        "north": { "uv": [ 5, 9, 3, 9.5 ], "texture": "#texture" },
        "south": { "uv": [ 3, 9, 5, 9.5 ], "texture": "#texture" },
        "west":  { "uv": [ 3, 9, 3.5, 9.5 ], "texture": "#texture" },
        "east":  { "uv": [ 5, 9, 4.5, 9.5 ], "texture": "#texture" }
    }
},
{
    "from": [ 3.5, 15.5, 7.5 ],
    "to": [ 4, 16, 8.5 ],
    "faces": {
        "down":  { "uv": [ 3.5, 7, 4, 6.5 ], "texture": "#texture" },
        "up":    { "uv": [ 3.5, 6.5, 4, 7 ], "texture": "#texture" },
        "north": { "uv": [ 4, 6.5, 3.5, 7 ], "texture": "#texture" },
        "south": { "uv": [ 3.5, 6.5, 4, 7 ], "texture": "#texture" },
        "west":  { "uv": [ 3.5, 6.5, 4, 7 ], "texture": "#texture" },
        "east":  { "uv": [ 4, 6.5, 3.5, 7 ], "texture": "#texture" }
    }
},
{
    "from": [ 3.5, 13.5, 7.5 ],
    "to": [ 4, 15, 8.5 ],
    "faces": {
        "down":  { "uv": [ 3.5, 9, 4, 8.5 ], "texture": "#texture" },
        "up":    { "uv": [ 3.5, 7.5, 4, 8 ], "texture": "#texture" },
        "north": { "uv": [ 4, 7.5, 3.5, 9 ], "texture": "#texture" },
        "south": { "uv": [ 3.5, 7.5, 4, 9 ], "texture": "#texture" },
        "west":  { "uv": [ 3.5, 7.5, 4, 9 ], "texture": "#texture" },
        "east":  { "uv": [ 4, 7.5, 3.5, 9 ], "texture": "#texture" }
    }
},
{
    "from": [ 4, 18.5, 7.5 ],
    "to": [ 6.5, 19, 8.5 ],
    "faces": {
        "down":  { "uv": [ 4, 4, 6.5, 3.5 ], "texture": "#texture" },
        "up":    { "uv": [ 4, 3.5, 6.5, 4 ], "texture": "#texture" },
        "north": { "uv": [ 6.5, 3.5, 4, 4 ], "texture": "#texture" },
        "south": { "uv": [ 4, 3.5, 6.5, 4 ], "texture": "#texture" },
        "west":  { "uv": [ 4, 3.5, 4.5, 4 ], "texture": "#texture" },
        "east":  { "uv": [ 6.5, 3.5, 6, 4 ], "texture": "#texture" }
    }
},
{
    "from": [ 4, 13.5, 7.5 ],
    "to": [ 5.5, 14, 8.5 ],
    "faces": {
        "down":  { "uv": [ 4, 9, 5.5, 8.5 ], "texture": "#texture" },
        "up":    { "uv": [ 4, 8.5, 5.5, 9 ], "texture": "#texture" },
        "north": { "uv": [ 5.5, 8.5, 4, 9 ], "texture": "#texture" },
        "south": { "uv": [ 4, 8.5, 5.5, 9 ], "texture": "#texture" },
        "west":  { "uv": [ 4, 8.5, 4.5, 9 ], "texture": "#texture" },
        "east":  { "uv": [ 5.5, 8.5, 5, 9 ], "texture": "#texture" }
    }
},
{
    "from": [ 4.5, 19, 7.5 ],
    "to": [ 8, 19.5, 8.5 ],
    "faces": {
        "down":  { "uv": [ 4.5, 3.5, 8, 3 ], "texture": "#texture" },
        "up":    { "uv": [ 4.5, 3, 8, 3.5 ], "texture": "#texture" },
        "north": { "uv": [ 8, 3, 4.5, 3.5 ], "texture": "#texture" },
        "south": { "uv": [ 4.5, 3, 8, 3.5 ], "texture": "#texture" },
        "west":  { "uv": [ 4.5, 3, 5, 3.5 ], "texture": "#texture" },
        "east":  { "uv": [ 8, 3, 7.5, 3.5 ], "texture": "#texture" }
    }
},
{
    "from": [ 5, 19.5, 7.5 ],
    "to": [ 6, 20, 8.5 ],
    "faces": {
        "down":  { "uv": [ 5, 3, 6, 2.5 ], "texture": "#texture" },
        "up":    { "uv": [ 5, 2.5, 6, 3 ], "texture": "#texture" },
        "north": { "uv": [ 6, 2.5, 5, 3 ], "texture": "#texture" },
        "south": { "uv": [ 5, 2.5, 6, 3 ], "texture": "#texture" },
        "west":  { "uv": [ 5, 2.5, 5.5, 3 ], "texture": "#texture" },
        "east":  { "uv": [ 6, 2.5, 5.5, 3 ], "texture": "#texture" }
    }
},
{
    "from": [ 5, 14, 7.5 ],
    "to": [ 6, 14.5, 8.5 ],
    "faces": {
        "down":  { "uv": [ 5, 8.5, 6, 8 ], "texture": "#texture" },
        "up":    { "uv": [ 5, 8, 6, 8.5 ], "texture": "#texture" },
        "north": { "uv": [ 6, 8, 5, 8.5 ], "texture": "#texture" },
        "south": { "uv": [ 5, 8, 6, 8.5 ], "texture": "#texture" },
        "west":  { "uv": [ 5, 8, 5.5, 8.5 ], "texture": "#texture" },
        "east":  { "uv": [ 6, 8, 5.5, 8.5 ], "texture": "#texture" }
    }
},
{
    "from": [ 5.5, 20, 7.5 ],
    "to": [ 8, 20.5, 8.5 ],
    "faces": {
        "down":  { "uv": [ 5.5, 2.5, 8, 2 ], "texture": "#texture" },
        "up":    { "uv": [ 5.5, 2, 8, 2.5 ], "texture": "#texture" },
        "north": { "uv": [ 8, 2, 5.5, 2.5 ], "texture": "#texture" },
        "south": { "uv": [ 5.5, 2, 8, 2.5 ], "texture": "#texture" },
        "west":  { "uv": [ 5.5, 2, 6, 2.5 ], "texture": "#texture" },
        "east":  { "uv": [ 8, 2, 7.5, 2.5 ], "texture": "#texture" }
    }
},
{
    "from": [ 5.5, 17.5, 7.5 ],
    "to": [ 6, 18, 8.5 ],
    "faces": {
        "down":  { "uv": [ 5.5, 5, 6, 4.5 ], "texture": "#texture" },
        "up":    { "uv": [ 5.5, 4.5, 6, 5 ], "texture": "#texture" },
        "north": { "uv": [ 6, 4.5, 5.5, 5 ], "texture": "#texture" },
        "south": { "uv": [ 5.5, 4.5, 6, 5 ], "texture": "#texture" },
        "west":  { "uv": [ 5.5, 4.5, 6, 5 ], "texture": "#texture" },
        "east":  { "uv": [ 6, 4.5, 5.5, 5 ], "texture": "#texture" }
    }
},
{
    "from": [ 6, 20.5, 7.5 ],
    "to": [ 7, 21, 8.5 ],
    "faces": {
        "down":  { "uv": [ 6, 2, 7, 1.5 ], "texture": "#texture" },
        "up":    { "uv": [ 6, 1.5, 7, 2 ], "texture": "#texture" },
        "north": { "uv": [ 7, 1.5, 6, 2 ], "texture": "#texture" },
        "south": { "uv": [ 6, 1.5, 7, 2 ], "texture": "#texture" },
        "west":  { "uv": [ 6, 1.5, 6.5, 2 ], "texture": "#texture" },
        "east":  { "uv": [ 7, 1.5, 6.5, 2 ], "texture": "#texture" }
    }
},
{
    "from": [ 6, 11.5, 7.5 ],
    "to": [ 8.5, 12, 8.5 ],
    "faces": {
        "down":  { "uv": [ 6, 11, 8.5, 10.5 ], "texture": "#texture" },
        "up":    { "uv": [ 6, 10.5, 8.5, 11 ], "texture": "#texture" },
        "north": { "uv": [ 8.5, 10.5, 6, 11 ], "texture": "#texture" },
        "south": { "uv": [ 6, 10.5, 8.5, 11 ], "texture": "#texture" },
        "west":  { "uv": [ 6, 10.5, 6.5, 11 ], "texture": "#texture" },
        "east":  { "uv": [ 8.5, 10.5, 8, 11 ], "texture": "#texture" }
    }
},
{
    "from": [ 6.5, 21, 7.5 ],
    "to": [ 7, 21.5, 8.5 ],
    "faces": {
        "down":  { "uv": [ 6.5, 1.5, 7, 1 ], "texture": "#texture" },
        "up":    { "uv": [ 6.5, 1, 7, 1.5 ], "texture": "#texture" },
        "north": { "uv": [ 7, 1, 6.5, 1.5 ], "texture": "#texture" },
        "south": { "uv": [ 6.5, 1, 7, 1.5 ], "texture": "#texture" },
        "west":  { "uv": [ 6.5, 1, 7, 1.5 ], "texture": "#texture" },
        "east":  { "uv": [ 7, 1, 6.5, 1.5 ], "texture": "#texture" }
    }
},
{
    "from": [ 6.5, 19.5, 7.5 ],
    "to": [ 7, 20, 8.5 ],
    "faces": {
        "down":  { "uv": [ 6.5, 3, 7, 2.5 ], "texture": "#texture" },
        "up":    { "uv": [ 6.5, 2.5, 7, 3 ], "texture": "#texture" },
        "north": { "uv": [ 7, 2.5, 6.5, 3 ], "texture": "#texture" },
        "south": { "uv": [ 6.5, 2.5, 7, 3 ], "texture": "#texture" },
        "west":  { "uv": [ 6.5, 2.5, 7, 3 ], "texture": "#texture" },
        "east":  { "uv": [ 7, 2.5, 6.5, 3 ], "texture": "#texture" }
    }
},
{
    "from": [ 0, 10.5, 7.5 ],
    "to": [ 7.5, 11, 8.5 ],
    "faces": {
        "down":  { "uv": [ 6.5, 5.5, 14, 5 ], "texture": "#texture" },
        "up":    { "uv": [ 6.5, 5, 14, 5.5 ], "texture": "#texture" },
        "north": { "uv": [ 14, 5, 6.5, 5.5 ], "texture": "#texture" },
        "south": { "uv": [ 6.5, 5, 14, 5.5 ], "texture": "#texture" },
        "west":  { "uv": [ 6.5, 5, 7, 5.5 ], "texture": "#texture" },
        "east":  { "uv": [ 14, 5, 13.5, 5.5 ], "texture": "#texture" }
    }
},
{
    "from": [ 6.5, 12, 7.5 ],
    "to": [ 7.5, 12.5, 8.5 ],
    "faces": {
        "down":  { "uv": [ 6.5, 10.5, 7.5, 10 ], "texture": "#texture" },
        "up":    { "uv": [ 6.5, 10, 7.5, 10.5 ], "texture": "#texture" },
        "north": { "uv": [ 7.5, 10, 6.5, 10.5 ], "texture": "#texture" },
        "south": { "uv": [ 6.5, 10, 7.5, 10.5 ], "texture": "#texture" },
        "west":  { "uv": [ 6.5, 10, 7, 10.5 ], "texture": "#texture" },
        "east":  { "uv": [ 7.5, 10, 7, 10.5 ], "texture": "#texture" }
    }
},
{
    "from": [ 7, 21.5, 7.5 ],
    "to": [ 7.5, 22, 8.5 ],
    "faces": {
        "down":  { "uv": [ 7, 1, 7.5, 0.5 ], "texture": "#texture" },
        "up":    { "uv": [ 7, 0.5, 7.5, 1 ], "texture": "#texture" },
        "north": { "uv": [ 7.5, 0.5, 7, 1 ], "texture": "#texture" },
        "south": { "uv": [ 7, 0.5, 7.5, 1 ], "texture": "#texture" },
        "west":  { "uv": [ 7, 0.5, 7.5, 1 ], "texture": "#texture" },
        "east":  { "uv": [ 7.5, 0.5, 7, 1 ], "texture": "#texture" }
    }
},
{
    "from": [ 7, 18.5, 7.5 ],
    "to": [ 7.5, 19, 8.5 ],
    "faces": {
        "down":  { "uv": [ 7, 4, 7.5, 3.5 ], "texture": "#texture" },
        "up":    { "uv": [ 7, 3.5, 7.5, 4 ], "texture": "#texture" },
        "north": { "uv": [ 7.5, 3.5, 7, 4 ], "texture": "#texture" },
        "south": { "uv": [ 7, 3.5, 7.5, 4 ], "texture": "#texture" },
        "west":  { "uv": [ 7, 3.5, 7.5, 4 ], "texture": "#texture" },
        "east":  { "uv": [ 7.5, 3.5, 7, 4 ], "texture": "#texture" }
    }
},
{
    "from": [ 0.5, 9, 7.5 ],
    "to": [ 1, 9.5, 8.5 ],
    "faces": {
        "down":  { "uv": [ 7, 7, 7.5, 6.5 ], "texture": "#texture" },
        "up":    { "uv": [ 7, 6.5, 7.5, 7 ], "texture": "#texture" },
        "north": { "uv": [ 7.5, 6.5, 7, 7 ], "texture": "#texture" },
        "south": { "uv": [ 7, 6.5, 7.5, 7 ], "texture": "#texture" },
        "west":  { "uv": [ 7, 6.5, 7.5, 7 ], "texture": "#texture" },
        "east":  { "uv": [ 7.5, 6.5, 7, 7 ], "texture": "#texture" }
    }
},
{
    "from": [ 7.5, 20.5, 7.5 ],
    "to": [ 8.5, 21, 8.5 ],
    "faces": {
        "down":  { "uv": [ 7.5, 2, 8.5, 1.5 ], "texture": "#texture" },
        "up":    { "uv": [ 7.5, 1.5, 8.5, 2 ], "texture": "#texture" },
        "north": { "uv": [ 8.5, 1.5, 7.5, 2 ], "texture": "#texture" },
        "south": { "uv": [ 7.5, 1.5, 8.5, 2 ], "texture": "#texture" },
        "west":  { "uv": [ 7.5, 1.5, 8, 2 ], "texture": "#texture" },
        "east":  { "uv": [ 8.5, 1.5, 8, 2 ], "texture": "#texture" }
    }
},
{
    "from": [ 7.5, 19.5, 7.5 ],
    "to": [ 8.5, 20, 8.5 ],
    "faces": {
        "down":  { "uv": [ 7.5, 3, 8.5, 2.5 ], "texture": "#texture" },
        "up":    { "uv": [ 7.5, 2.5, 8.5, 3 ], "texture": "#texture" },
        "north": { "uv": [ 8.5, 2.5, 7.5, 3 ], "texture": "#texture" },
        "south": { "uv": [ 7.5, 2.5, 8.5, 3 ], "texture": "#texture" },
        "west":  { "uv": [ 7.5, 2.5, 8, 3 ], "texture": "#texture" },
        "east":  { "uv": [ 8.5, 2.5, 8, 3 ], "texture": "#texture" }
    }
},
{
    "from": [ 1, 10, 7.5 ],
    "to": [ 5.5, 10.5, 8.5 ],
    "faces": {
        "down":  { "uv": [ 7.5, 6, 12, 5.5 ], "texture": "#texture" },
        "up":    { "uv": [ 7.5, 5.5, 12, 6 ], "texture": "#texture" },
        "north": { "uv": [ 12, 5.5, 7.5, 6 ], "texture": "#texture" },
        "south": { "uv": [ 7.5, 5.5, 12, 6 ], "texture": "#texture" },
        "west":  { "uv": [ 7.5, 5.5, 8, 6 ], "texture": "#texture" },
        "east":  { "uv": [ 12, 5.5, 11.5, 6 ], "texture": "#texture" }
    }
},
{
    "from": [ 1, 8, 7.5 ],
    "to": [ 1.5, 9, 8.5 ],
    "faces": {
        "down":  { "uv": [ 7.5, 8, 8, 7.5 ], "texture": "#texture" },
        "up":    { "uv": [ 7.5, 7, 8, 7.5 ], "texture": "#texture" },
        "north": { "uv": [ 8, 7, 7.5, 8 ], "texture": "#texture" },
        "south": { "uv": [ 7.5, 7, 8, 8 ], "texture": "#texture" },
        "west":  { "uv": [ 7.5, 7, 8, 8 ], "texture": "#texture" },
        "east":  { "uv": [ 8, 7, 7.5, 8 ], "texture": "#texture" }
    }
},
{
    "from": [ 1.5, 6.5, 7.5 ],
    "to": [ 4, 8, 8.5 ],
    "faces": {
        "down":  { "uv": [ 8, 9.5, 10.5, 9 ], "texture": "#texture" },
        "up":    { "uv": [ 8, 8, 10.5, 8.5 ], "texture": "#texture" },
        "north": { "uv": [ 10.5, 8, 8, 9.5 ], "texture": "#texture" },
        "south": { "uv": [ 8, 8, 10.5, 9.5 ], "texture": "#texture" },
        "west":  { "uv": [ 8, 8, 8.5, 9.5 ], "texture": "#texture" },
        "east":  { "uv": [ 10.5, 8, 10, 9.5 ], "texture": "#texture" }
    }
},
{
    "from": [ 2, 9.5, 7.5 ],
    "to": [ 5, 10, 8.5 ],
    "faces": {
        "down":  { "uv": [ 8.5, 6.5, 11.5, 6 ], "texture": "#texture" },
        "up":    { "uv": [ 8.5, 6, 11.5, 6.5 ], "texture": "#texture" },
        "north": { "uv": [ 11.5, 6, 8.5, 6.5 ], "texture": "#texture" },
        "south": { "uv": [ 8.5, 6, 11.5, 6.5 ], "texture": "#texture" },
        "west":  { "uv": [ 8.5, 6, 9, 6.5 ], "texture": "#texture" },
        "east":  { "uv": [ 11.5, 6, 11, 6.5 ], "texture": "#texture" }
    }
},
{
    "from": [ 2, 6, 7.5 ],
    "to": [ 4, 6.5, 8.5 ],
    "faces": {
        "down":  { "uv": [ 8.5, 10, 10.5, 9.5 ], "texture": "#texture" },
        "up":    { "uv": [ 8.5, 9.5, 10.5, 10 ], "texture": "#texture" },
        "north": { "uv": [ 10.5, 9.5, 8.5, 10 ], "texture": "#texture" },
        "south": { "uv": [ 8.5, 9.5, 10.5, 10 ], "texture": "#texture" },
        "west":  { "uv": [ 8.5, 9.5, 9, 10 ], "texture": "#texture" },
        "east":  { "uv": [ 10.5, 9.5, 10, 10 ], "texture": "#texture" }
    }
},
{
    "from": [ 2.5, 5, 7.5 ],
    "to": [ 4.5, 6, 8.5 ],
    "faces": {
        "down":  { "uv": [ 9, 11, 11, 10.5 ], "texture": "#texture" },
        "up":    { "uv": [ 9, 10, 11, 10.5 ], "texture": "#texture" },
        "north": { "uv": [ 11, 10, 9, 11 ], "texture": "#texture" },
        "south": { "uv": [ 9, 10, 11, 11 ], "texture": "#texture" },
        "west":  { "uv": [ 9, 10, 9.5, 11 ], "texture": "#texture" },
        "east":  { "uv": [ 11, 10, 10.5, 11 ], "texture": "#texture" }
    }
},
{
    "from": [ 3, 8.5, 7.5 ],
    "to": [ 5.5, 9.5, 8.5 ],
    "faces": {
        "down":  { "uv": [ 9.5, 7.5, 12, 7 ], "texture": "#texture" },
        "up":    { "uv": [ 9.5, 6.5, 12, 7 ], "texture": "#texture" },
        "north": { "uv": [ 12, 6.5, 9.5, 7.5 ], "texture": "#texture" },
        "south": { "uv": [ 9.5, 6.5, 12, 7.5 ], "texture": "#texture" },
        "west":  { "uv": [ 9.5, 6.5, 10, 7.5 ], "texture": "#texture" },
        "east":  { "uv": [ 12, 6.5, 11.5, 7.5 ], "texture": "#texture" }
    }
},
{
    "from": [ 3.5, 8, 7.5 ],
    "to": [ 5.5, 8.5, 8.5 ],
    "faces": {
        "down":  { "uv": [ 10, 8, 12, 7.5 ], "texture": "#texture" },
        "up":    { "uv": [ 10, 7.5, 12, 8 ], "texture": "#texture" },
        "north": { "uv": [ 12, 7.5, 10, 8 ], "texture": "#texture" },
        "south": { "uv": [ 10, 7.5, 12, 8 ], "texture": "#texture" },
        "west":  { "uv": [ 10, 7.5, 10.5, 8 ], "texture": "#texture" },
        "east":  { "uv": [ 12, 7.5, 11.5, 8 ], "texture": "#texture" }
    }
},
{
    "from": [ 3.5, 4, 7.5 ],
    "to": [ 6.5, 5, 8.5 ],
    "faces": {
        "down":  { "uv": [ 10, 12, 13, 11.5 ], "texture": "#texture" },
        "up":    { "uv": [ 10, 11, 13, 11.5 ], "texture": "#texture" },
        "north": { "uv": [ 13, 11, 10, 12 ], "texture": "#texture" },
        "south": { "uv": [ 10, 11, 13, 12 ], "texture": "#texture" },
        "west":  { "uv": [ 10, 11, 10.5, 12 ], "texture": "#texture" },
        "east":  { "uv": [ 13, 11, 12.5, 12 ], "texture": "#texture" }
    }
},
{
    "from": [ 4, 3.5, 7.5 ],
    "to": [ 6.5, 4, 8.5 ],
    "faces": {
        "down":  { "uv": [ 10.5, 12.5, 13, 12 ], "texture": "#texture" },
        "up":    { "uv": [ 10.5, 12, 13, 12.5 ], "texture": "#texture" },
        "north": { "uv": [ 13, 12, 10.5, 12.5 ], "texture": "#texture" },
        "south": { "uv": [ 10.5, 12, 13, 12.5 ], "texture": "#texture" },
        "west":  { "uv": [ 10.5, 12, 11, 12.5 ], "texture": "#texture" },
        "east":  { "uv": [ 13, 12, 12.5, 12.5 ], "texture": "#texture" }
    }
},
{
    "from": [ 4.5, 5, 7.5 ],
    "to": [ 5.5, 5.5, 8.5 ],
    "faces": {
        "down":  { "uv": [ 11, 11, 12, 10.5 ], "texture": "#texture" },
        "up":    { "uv": [ 11, 10.5, 12, 11 ], "texture": "#texture" },
        "north": { "uv": [ 12, 10.5, 11, 11 ], "texture": "#texture" },
        "south": { "uv": [ 11, 10.5, 12, 11 ], "texture": "#texture" },
        "west":  { "uv": [ 11, 10.5, 11.5, 11 ], "texture": "#texture" },
        "east":  { "uv": [ 12, 10.5, 11.5, 11 ], "texture": "#texture" }
    }
},
{
    "from": [ 5, 3, 7.5 ],
    "to": [ 7, 3.5, 8.5 ],
    "faces": {
        "down":  { "uv": [ 11.5, 13, 13.5, 12.5 ], "texture": "#texture" },
        "up":    { "uv": [ 11.5, 12.5, 13.5, 13 ], "texture": "#texture" },
        "north": { "uv": [ 13.5, 12.5, 11.5, 13 ], "texture": "#texture" },
        "south": { "uv": [ 11.5, 12.5, 13.5, 13 ], "texture": "#texture" },
        "west":  { "uv": [ 11.5, 12.5, 12, 13 ], "texture": "#texture" },
        "east":  { "uv": [ 13.5, 12.5, 13, 13 ], "texture": "#texture" }
    }
},
{
    "from": [ 5.5, 2.5, 7.5 ],
    "to": [ 8, 3, 8.5 ],
    "faces": {
        "down":  { "uv": [ 12, 13.5, 14.5, 13 ], "texture": "#texture" },
        "up":    { "uv": [ 12, 13, 14.5, 13.5 ], "texture": "#texture" },
        "north": { "uv": [ 14.5, 13, 12, 13.5 ], "texture": "#texture" },
        "south": { "uv": [ 12, 13, 14.5, 13.5 ], "texture": "#texture" },
        "west":  { "uv": [ 12, 13, 12.5, 13.5 ], "texture": "#texture" },
        "east":  { "uv": [ 14.5, 13, 14, 13.5 ], "texture": "#texture" }
    }
},
{
    "from": [ 6, 10, 7.5 ],
    "to": [ 7, 10.5, 8.5 ],
    "faces": {
        "down":  { "uv": [ 12.5, 6, 13.5, 5.5 ], "texture": "#texture" },
        "up":    { "uv": [ 12.5, 5.5, 13.5, 6 ], "texture": "#texture" },
        "north": { "uv": [ 13.5, 5.5, 12.5, 6 ], "texture": "#texture" },
        "south": { "uv": [ 12.5, 5.5, 13.5, 6 ], "texture": "#texture" },
        "west":  { "uv": [ 12.5, 5.5, 13, 6 ], "texture": "#texture" },
        "east":  { "uv": [ 13.5, 5.5, 13, 6 ], "texture": "#texture" }
    }
},
{
    "from": [ 6, 2, 7.5 ],
    "to": [ 7, 2.5, 8.5 ],
    "faces": {
        "down":  { "uv": [ 12.5, 14, 13.5, 13.5 ], "texture": "#texture" },
        "up":    { "uv": [ 12.5, 13.5, 13.5, 14 ], "texture": "#texture" },
        "north": { "uv": [ 13.5, 13.5, 12.5, 14 ], "texture": "#texture" },
        "south": { "uv": [ 12.5, 13.5, 13.5, 14 ], "texture": "#texture" },
        "west":  { "uv": [ 12.5, 13.5, 13, 14 ], "texture": "#texture" },
        "east":  { "uv": [ 13.5, 13.5, 13, 14 ], "texture": "#texture" }
    }
},
{
    "from": [ 6.5, 9.5, 7.5 ],
    "to": [ 8, 10, 8.5 ],
    "faces": {
        "down":  { "uv": [ 13, 6.5, 14.5, 6 ], "texture": "#texture" },
        "up":    { "uv": [ 13, 6, 14.5, 6.5 ], "texture": "#texture" },
        "north": { "uv": [ 14.5, 6, 13, 6.5 ], "texture": "#texture" },
        "south": { "uv": [ 13, 6, 14.5, 6.5 ], "texture": "#texture" },
        "west":  { "uv": [ 13, 6, 13.5, 6.5 ], "texture": "#texture" },
        "east":  { "uv": [ 14.5, 6, 14, 6.5 ], "texture": "#texture" }
    }
},
{
    "from": [ 6.5, 4, 7.5 ],
    "to": [ 7, 4.5, 8.5 ],
    "faces": {
        "down":  { "uv": [ 13, 12, 13.5, 11.5 ], "texture": "#texture" },
        "up":    { "uv": [ 13, 11.5, 13.5, 12 ], "texture": "#texture" },
        "north": { "uv": [ 13.5, 11.5, 13, 12 ], "texture": "#texture" },
        "south": { "uv": [ 13, 11.5, 13.5, 12 ], "texture": "#texture" },
        "west":  { "uv": [ 13, 11.5, 13.5, 12 ], "texture": "#texture" },
        "east":  { "uv": [ 13.5, 11.5, 13, 12 ], "texture": "#texture" }
    }
},
{
    "from": [ 7, 3.5, 7.5 ],
    "to": [ 7.5, 4, 8.5 ],
    "faces": {
        "down":  { "uv": [ 13.5, 12.5, 14, 12 ], "texture": "#texture" },
        "up":    { "uv": [ 13.5, 12, 14, 12.5 ], "texture": "#texture" },
        "north": { "uv": [ 14, 12, 13.5, 12.5 ], "texture": "#texture" },
        "south": { "uv": [ 13.5, 12, 14, 12.5 ], "texture": "#texture" },
        "west":  { "uv": [ 13.5, 12, 14, 12.5 ], "texture": "#texture" },
        "east":  { "uv": [ 14, 12, 13.5, 12.5 ], "texture": "#texture" }
    }
},
{
    "from": [ 7, 0.5, 7.5 ],
    "to": [ 7.5, 2, 8.5 ],
    "faces": {
        "down":  { "uv": [ 13.5, 15.5, 14, 15 ], "texture": "#texture" },
        "up":    { "uv": [ 13.5, 14, 14, 14.5 ], "texture": "#texture" },
        "north": { "uv": [ 14, 14, 13.5, 15.5 ], "texture": "#texture" },
        "south": { "uv": [ 13.5, 14, 14, 15.5 ], "texture": "#texture" },
        "west":  { "uv": [ 13.5, 14, 14, 15.5 ], "texture": "#texture" },
        "east":  { "uv": [ 14, 14, 13.5, 15.5 ], "texture": "#texture" }
    }
},
{
    "from": [ 7.5, 10, 7.5 ],
    "to": [ 8.5, 10.5, 8.5 ],
    "faces": {
        "down":  { "uv": [ 14, 6, 15, 5.5 ], "texture": "#texture" },
        "up":    { "uv": [ 14, 5.5, 15, 6 ], "texture": "#texture" },
        "north": { "uv": [ 15, 5.5, 14, 6 ], "texture": "#texture" },
        "south": { "uv": [ 14, 5.5, 15, 6 ], "texture": "#texture" },
        "west":  { "uv": [ 14, 5.5, 14.5, 6 ], "texture": "#texture" },
        "east":  { "uv": [ 15, 5.5, 14.5, 6 ], "texture": "#texture" }
    }
},
{
    "from": [ 7.5, 3, 7.5 ],
    "to": [ 8.5, 3.5, 8.5 ],
    "faces": {
        "down":  { "uv": [ 14, 13, 15, 12.5 ], "texture": "#texture" },
        "up":    { "uv": [ 14, 12.5, 15, 13 ], "texture": "#texture" },
        "north": { "uv": [ 15, 12.5, 14, 13 ], "texture": "#texture" },
        "south": { "uv": [ 14, 12.5, 15, 13 ], "texture": "#texture" },
        "west":  { "uv": [ 14, 12.5, 14.5, 13 ], "texture": "#texture" },
        "east":  { "uv": [ 15, 12.5, 14.5, 13 ], "texture": "#texture" }
    }
},
{
    "from": [ 7.5, 2, 7.5 ],
    "to": [ 8.5, 2.5, 8.5 ],
    "faces": {
        "down":  { "uv": [ 14, 14, 15, 13.5 ], "texture": "#texture" },
        "up":    { "uv": [ 14, 13.5, 15, 14 ], "texture": "#texture" },
        "north": { "uv": [ 15, 13.5, 14, 14 ], "texture": "#texture" },
        "south": { "uv": [ 14, 13.5, 15, 14 ], "texture": "#texture" },
        "west":  { "uv": [ 14, 13.5, 14.5, 14 ], "texture": "#texture" },
        "east":  { "uv": [ 15, 13.5, 14.5, 14 ], "texture": "#texture" }
    }
},
{
    "from": [ 7.5, 0, 7.5 ],
    "to": [ 8, 1.5, 8.5 ],
    "faces": {
        "down":  { "uv": [ 14, 16, 14.5, 15.5 ], "texture": "#texture" },
        "up":    { "uv": [ 14, 14.5, 14.5, 15 ], "texture": "#texture" },
        "north": { "uv": [ 14.5, 14.5, 14, 16 ], "texture": "#texture" },
        "south": { "uv": [ 14, 14.5, 14.5, 16 ], "texture": "#texture" },
        "west":  { "uv": [ 14, 14.5, 14.5, 16 ], "texture": "#texture" },
        "east":  { "uv": [ 14.5, 14.5, 14, 16 ], "texture": "#texture" }
    }
},
{
    "from": [ 8.5, 1, 7.5 ],
    "to": [ 9, 1.5, 8.5 ],
    "faces": {
        "down":  { "uv": [ 15, 15, 15.5, 14.5 ], "texture": "#texture" },
        "up":    { "uv": [ 15, 14.5, 15.5, 15 ], "texture": "#texture" },
        "north": { "uv": [ 15.5, 14.5, 15, 15 ], "texture": "#texture" },
        "south": { "uv": [ 15, 14.5, 15.5, 15 ], "texture": "#texture" },
        "west":  { "uv": [ 15, 14.5, 15.5, 15 ], "texture": "#texture" },
        "east":  { "uv": [ 15.5, 14.5, 15, 15 ], "texture": "#texture" }
    }
},
{
    "from": [ 9, 0.5, 7.5 ],
    "to": [ 9.5, 1, 8.5 ],
    "faces": {
        "down":  { "uv": [ 15.5, 15.5, 16, 15 ], "texture": "#texture" },
        "up":    { "uv": [ 15.5, 15, 16, 15.5 ], "texture": "#texture" },
        "north": { "uv": [ 16, 15, 15.5, 15.5 ], "texture": "#texture" },
        "south": { "uv": [ 15.5, 15, 16, 15.5 ], "texture": "#texture" },
        "west":  { "uv": [ 15.5, 15, 16, 15.5 ], "texture": "#texture" },
        "east":  { "uv": [ 16, 15, 15.5, 15.5 ], "texture": "#texture" }
    }
}
],
"display": {
    "thirdperson_righthand": {
        "rotation": [ 0, -90, 0 ],
        "translation": [ 0, -3.02, 5.1 ],
        "scale": [ 1.25, 1.25, 1.25 ]
    },
    "thirdperson_lefthand": {
        "rotation": [ 0, 90, 0 ],
        "translation": [ 0, -3.02, 5.1 ],
        "scale": [ 1.25, 1.25, 1.25 ]
    },
    "ground": {
        "rotation": [ 0, 0, -45 ],
        "translation": [ 0, 3.59, 0 ],
        "scale": [ 0.5, 0.5, 0.5 ]
    },
    "fixed": {
        "rotation": [ 0, 0, -45 ],
        "translation": [ -0.76, -2.65, -0.19 ],
        "scale": [ 1, 1, 1 ]
    },
    "firstperson_righthand": {
        "rotation": [ 0, -81, 0 ],
        "translation": [ 1.51, 2.65, 3.4 ],
        "scale": [ 1, 1, 1 ]
    },
    "firstperson_lefthand": {
        "rotation": [ 0, 95, 0 ],
        "translation": [ 1.51, 2.65, 1.89 ],
        "scale": [ 1, 1, 1 ]
    },
    "gui": {
        "rotation": [ 0, 180, -45 ],
        "translation": [ 0.57, -1.89, 0 ],
        "scale": [ 0.75, 0.75, 0.75 ]
    }
}
}