{
    "parent": "item/handheld",
    "textures": {
        "layer0": "items/projectile"
    },
	"display": {
        "ground": {
            "rotation": [ 0, 0, 0 ],
            "translation": [ 0, 2, 0],
            "scale":[ 0.5, 0.5, 0.5 ]
        },
        "fixed": {
            "rotation": [ 0, 0, 0 ],
            "translation": [ 0, 0, 0],
            "scale":[ 0.2, 0.2, 0.2 ]
        },
        "head": {
            "rotation": [ 0, 0, 0 ],
            "translation": [ 0, -4, 0],
            "scale": [ 0.5, 0.5, 0.5 ]
        },
        "thirdperson_righthand": {
            "rotation": [ 0, 0, 0 ],
            "translation": [ 0, -2, 5],
            "scale": [ 0.1, 0.1, 0.1 ]
        },
        "firstperson_righthand": {
            "rotation": [ 0, 0, 0 ],
            "translation": [ 0, -4, 0],
            "scale": [ 0.5, 0.5, 0.5 ]
        }
    }
}
