{
	"__createdwith": "opl's Model Creator",
	"ambientocclusion": false,
	"textures": {
		"arrow": "entity/arrow",
		"texture": "items/wynn/weapons/bow/default_bow"
	},
	"elements": [
		{
			"from": [4,5,7],
			"to": [6,11,9],
			"faces": {
				"west": {
					"uv": [13,9,15,15],
					"texture": "#texture"
				},
				"east": {
					"uv": [13,9,15,15],
					"texture": "#texture"
				},
				"north": {
					"uv": [15,9,13,15],
					"texture": "#texture"
				},
				"south": {
					"uv": [13,9,15,15],
					"texture": "#texture"
				}
			}
		},
		{
			"from": [3,11,7],
			"to": [6,12,9],
			"faces": {
				"up": {
					"uv": [12,8,15,9],
					"texture": "#texture"
				},
				"down": {
					"uv": [12,8,15,9],
					"texture": "#texture"
				},
				"west": {
					"uv": [12,8,13,9],
					"texture": "#texture"
				},
				"east": {
					"uv": [14,8,15,9],
					"texture": "#texture"
				},
				"north": {
					"uv": [15,8,12,9],
					"texture": "#texture"
				},
				"south": {
					"uv": [12,8,15,9],
					"texture": "#texture"
				}
			}
		},
		{
			"from": [3,4,7],
			"to": [6,5,9],
			"faces": {
				"up": {
					"uv": [12,15,15,16],
					"texture": "#texture"
				},
				"down": {
					"uv": [12,15,15,16],
					"texture": "#texture"
				},
				"west": {
					"uv": [12,15,13,16],
					"texture": "#texture"
				},
				"east": {
					"uv": [14,15,15,16],
					"texture": "#texture"
				},
				"north": {
					"uv": [15,16,12,15],
					"texture": "#texture"
				},
				"south": {
					"uv": [12,8,15,9],
					"texture": "#texture"
				}
			}
		},
		{
			"from": [4,12,7],
			"to": [6,18,9],
			"faces": {
				"up": {
					"uv": [0,10,2,11],
					"texture": "#texture"
				},
				"west": {
					"uv": [0,10,1,16],
					"texture": "#texture"
				},
				"east": {
					"uv": [1,10,2,16],
					"texture": "#texture"
				},
				"north": {
					"uv": [2,10,0,16],
					"texture": "#texture"
				},
				"south": {
					"uv": [0,10,2,16],
					"texture": "#texture"
				}
			}
		},
		{
			"from": [4,-2,7],
			"to": [6,4,9],
			"faces": {
				"down": {
					"uv": [0,10,2,11],
					"texture": "#texture"
				},
				"west": {
					"uv": [0,16,1,10],
					"texture": "#texture"
				},
				"east": {
					"uv": [1,16,2,10],
					"texture": "#texture"
				},
				"north": {
					"uv": [2,16,0,10],
					"texture": "#texture"
				},
				"south": {
					"uv": [0,16,2,10],
					"texture": "#texture"
				}
			}
		},
		{
			"from": [5,17,7],
			"to": [7,20,9],
			"faces": {
				"up": {
					"uv": [1,8,3,9],
					"texture": "#texture"
				},
				"down": {
					"uv": [1,10,3,11],
					"texture": "#texture"
				},
				"west": {
					"uv": [1,8,2,11],
					"texture": "#texture"
				},
				"east": {
					"uv": [2,8,3,11],
					"texture": "#texture"
				},
				"north": {
					"uv": [3,8,1,11],
					"texture": "#texture"
				},
				"south": {
					"uv": [1,8,3,11],
					"texture": "#texture"
				}
			}
		},
		{
			"from": [5,-4,7],
			"to": [7,-1,9],
			"faces": {
				"up": {
					"uv": [1,10,3,11],
					"texture": "#texture"
				},
				"down": {
					"uv": [1,8,3,9],
					"texture": "#texture"
				},
				"west": {
					"uv": [1,11,2,8],
					"texture": "#texture"
				},
				"east": {
					"uv": [2,11,3,8],
					"texture": "#texture"
				},
				"north": {
					"uv": [3,11,1,8],
					"texture": "#texture"
				},
				"south": {
					"uv": [1,11,3,8],
					"texture": "#texture"
				}
			}
		},
		{
			"from": [6,20,7],
			"to": [8,22,9],
			"faces": {
				"up": {
					"uv": [2,6,4,7],
					"texture": "#texture"
				},
				"down": {
					"uv": [2,7,4,8],
					"texture": "#texture"
				},
				"west": {
					"uv": [2,6,3,8],
					"texture": "#texture"
				},
				"east": {
					"uv": [3,6,4,8],
					"texture": "#texture"
				},
				"north": {
					"uv": [4,6,2,8],
					"texture": "#texture"
				},
				"south": {
					"uv": [2,6,4,8],
					"texture": "#texture"
				}
			}
		},
		{
			"from": [6,-6,7],
			"to": [8,-4,9],
			"faces": {
				"up": {
					"uv": [2,7,4,8],
					"texture": "#texture"
				},
				"down": {
					"uv": [2,6,4,7],
					"texture": "#texture"
				},
				"west": {
					"uv": [3,6,2,8],
					"texture": "#texture"
				},
				"east": {
					"uv": [3,8,4,6],
					"texture": "#texture"
				},
				"north": {
					"uv": [4,8,2,6],
					"texture": "#texture"
				},
				"south": {
					"uv": [2,8,4,6],
					"texture": "#texture"
				}
			}
		},
		{
			"from": [7,-7,7],
			"to": [9,-6,9],
			"faces": {
				"up": {
					"uv": [3,5,5,6],
					"texture": "#texture"
				},
				"down": {
					"uv": [3,5,5,6],
					"texture": "#texture"
				},
				"west": {
					"uv": [3,5,4,6],
					"texture": "#texture"
				},
				"east": {
					"uv": [4,5,5,6],
					"texture": "#texture"
				},
				"north": {
					"uv": [5,6,3,5],
					"texture": "#texture"
				},
				"south": {
					"uv": [3,6,5,5],
					"texture": "#texture"
				}
			}
		},
		{
			"from": [7,22,7],
			"to": [9,23,9],
			"faces": {
				"up": {
					"uv": [3,5,5,6],
					"texture": "#texture"
				},
				"down": {
					"uv": [3,5,5,6],
					"texture": "#texture"
				},
				"west": {
					"uv": [3,5,4,6],
					"texture": "#texture"
				},
				"east": {
					"uv": [4,5,5,6],
					"texture": "#texture"
				},
				"north": {
					"uv": [5,5,3,6],
					"texture": "#texture"
				},
				"south": {
					"uv": [3,5,5,6],
					"texture": "#texture"
				}
			}
		},
		{
			"from": [8,23,7],
			"to": [11,24,9],
			"faces": {
				"up": {
					"uv": [4,4,7,5],
					"texture": "#texture"
				},
				"down": {
					"uv": [4,5,7,4],
					"texture": "#texture"
				},
				"west": {
					"uv": [4,4,5,5],
					"texture": "#texture"
				},
				"east": {
					"uv": [6,4,7,5],
					"texture": "#texture"
				},
				"north": {
					"uv": [7,4,4,5],
					"texture": "#texture"
				},
				"south": {
					"uv": [4,4,7,5],
					"texture": "#texture"
				}
			}
		},
		{
			"from": [8,-8,7],
			"to": [11,-7,9],
			"faces": {
				"up": {
					"uv": [4,4,7,5],
					"texture": "#texture"
				},
				"down": {
					"uv": [4,4,7,5],
					"texture": "#texture"
				},
				"west": {
					"uv": [4,4,5,5],
					"texture": "#texture"
				},
				"east": {
					"uv": [6,4,7,5],
					"texture": "#texture"
				},
				"north": {
					"uv": [7,5,4,4],
					"texture": "#texture"
				},
				"south": {
					"uv": [4,5,7,4],
					"texture": "#texture"
				}
			}
		},
		{
			"from": [10,-9,7],
			"to": [13,-8,9],
			"faces": {
				"up": {
					"uv": [6,3,9,4],
					"texture": "#texture"
				},
				"down": {
					"uv": [6,3,9,4],
					"texture": "#texture"
				},
				"west": {
					"uv": [6,3,7,4],
					"texture": "#texture"
				},
				"east": {
					"uv": [8,3,9,4],
					"texture": "#texture"
				},
				"north": {
					"uv": [9,4,6,3],
					"texture": "#texture"
				},
				"south": {
					"uv": [6,4,9,3],
					"texture": "#texture"
				}
			}
		},
		{
			"from": [10,24,7],
			"to": [13,25,9],
			"faces": {
				"up": {
					"uv": [6,3,9,4],
					"texture": "#texture"
				},
				"down": {
					"uv": [6,3,9,4],
					"texture": "#texture"
				},
				"west": {
					"uv": [6,3,7,4],
					"texture": "#texture"
				},
				"east": {
					"uv": [8,3,9,4],
					"texture": "#texture"
				},
				"north": {
					"uv": [9,3,6,4],
					"texture": "#texture"
				},
				"south": {
					"uv": [6,3,9,4],
					"texture": "#texture"
				}
			}
		},
		{
			"from": [12,25,7],
			"to": [14,26,9],
			"faces": {
				"up": {
					"uv": [8,2,10,3],
					"texture": "#texture"
				},
				"down": {
					"uv": [8,2,10,3],
					"texture": "#texture"
				},
				"west": {
					"uv": [8,2,9,3],
					"texture": "#texture"
				},
				"east": {
					"uv": [9,2,10,3],
					"texture": "#texture"
				},
				"north": {
					"uv": [10,2,8,3],
					"texture": "#texture"
				},
				"south": {
					"uv": [8,2,10,3],
					"texture": "#texture"
				}
			}
		},
		{
			"from": [12,-10,7],
			"to": [14,-9,9],
			"faces": {
				"up": {
					"uv": [8,2,10,3],
					"texture": "#texture"
				},
				"down": {
					"uv": [8,2,10,3],
					"texture": "#texture"
				},
				"west": {
					"uv": [8,2,9,3],
					"texture": "#texture"
				},
				"east": {
					"uv": [9,2,10,3],
					"texture": "#texture"
				},
				"north": {
					"uv": [10,3,8,2],
					"texture": "#texture"
				},
				"south": {
					"uv": [8,3,10,2],
					"texture": "#texture"
				}
			}
		},
		{
			"from": [13,-12,7],
			"to": [14,-10,9],
			"faces": {
				"down": {
					"uv": [9,0,10,1],
					"texture": "#texture"
				},
				"west": {
					"uv": [9,2,10,0],
					"texture": "#texture"
				},
				"east": {
					"uv": [9,2,10,0],
					"texture": "#texture"
				},
				"north": {
					"uv": [10,2,9,0],
					"texture": "#texture"
				},
				"south": {
					"uv": [9,2,10,0],
					"texture": "#texture"
				}
			}
		},
		{
			"from": [13,26,7],
			"to": [14,28,9],
			"faces": {
				"up": {
					"uv": [9,0,10,1],
					"texture": "#texture"
				},
				"west": {
					"uv": [9,0,10,2],
					"texture": "#texture"
				},
				"east": {
					"uv": [9,0,10,2],
					"texture": "#texture"
				},
				"north": {
					"uv": [10,0,9,2],
					"texture": "#texture"
				},
				"south": {
					"uv": [9,0,10,2],
					"texture": "#texture"
				}
			}
		},
		{
			"from": [10,27,7],
			"to": [13,28,9],
			"faces": {
				"up": {
					"uv": [6,0,9,1],
					"texture": "#texture"
				},
				"down": {
					"uv": [6,0,9,1],
					"texture": "#texture"
				},
				"west": {
					"uv": [6,0,7,1],
					"texture": "#texture"
				},
				"north": {
					"uv": [9,0,6,1],
					"texture": "#texture"
				},
				"south": {
					"uv": [6,0,9,1],
					"texture": "#texture"
				}
			}
		},
		{
			"from": [10,-12,7],
			"to": [13,-11,9],
			"faces": {
				"up": {
					"uv": [6,0,9,1],
					"texture": "#texture"
				},
				"down": {
					"uv": [6,0,9,1],
					"texture": "#texture"
				},
				"west": {
					"uv": [6,0,7,1],
					"texture": "#texture"
				},
				"north": {
					"uv": [9,1,6,0],
					"texture": "#texture"
				},
				"south": {
					"uv": [6,1,9,0],
					"texture": "#texture"
				}
			}
		},
		{
			"from": [9,-11,7],
			"to": [11,-10,9],
			"faces": {
				"up": {
					"uv": [5,1,7,2],
					"texture": "#texture"
				},
				"down": {
					"uv": [5,1,7,2],
					"texture": "#texture"
				},
				"west": {
					"uv": [5,1,6,2],
					"texture": "#texture"
				},
				"east": {
					"uv": [6,1,7,2],
					"texture": "#texture"
				},
				"north": {
					"uv": [7,2,5,1],
					"texture": "#texture"
				},
				"south": {
					"uv": [5,2,7,1],
					"texture": "#texture"
				}
			}
		},
		{
			"from": [9,26,7],
			"to": [11,27,9],
			"faces": {
				"up": {
					"uv": [5,1,7,2],
					"texture": "#texture"
				},
				"down": {
					"uv": [5,1,7,2],
					"texture": "#texture"
				},
				"west": {
					"uv": [5,1,6,2],
					"texture": "#texture"
				},
				"east": {
					"uv": [6,1,7,2],
					"texture": "#texture"
				},
				"north": {
					"uv": [7,1,5,2],
					"texture": "#texture"
				},
				"south": {
					"uv": [5,1,7,2],
					"texture": "#texture"
				}
			}
		},
		{
			"from": [13.5,8,7.99],
			"to": [14,25,8.01],
			"faces": {
				"north": {
					"uv": [15,0,16,16],
					"texture": "#texture"
				},
				"south": {
					"uv": [15,0,16,16],
					"texture": "#texture"
				}
			}
		},
		{
			"from": [13.5,-9,7.99],
			"to": [14,8,8.01],
			"faces": {
				"north": {
					"uv": [15,16,16,0],
					"texture": "#texture"
				},
				"south": {
					"uv": [15,16,16,0],
					"texture": "#texture"
				}
			}
		}
	],
	"display": {
		"firstperson_righthand": {
    	    "rotation": [ 52, -85, 51 ],
    	    "translation": [ 0, 4.72, 0 ],
    	    "scale": [ 0.6, 0.6, 0.6 ]
    	},
    	"firstperson_lefthand": {
    	    "rotation": [ -52, 85, 51 ],
    	    "translation": [ 0, 4.72, 0 ],
    	    "scale": [ 0.6, 0.6, 0.6 ]
    	},
		"thirdperson_righthand": {
    	    "rotation": [ 0, -90, 0 ],
    	    "translation": [ -0.56, -1.51, 3.02 ],
    	    "scale": [ 0.75, 0.75, 0.75 ]
    	},
		"thirdperson_lefthand": {
    	    "rotation": [ 0, 90, 0 ],
    	    "translation": [ -0.56, -1.51, 3.02 ],
    	    "scale": [ 0.75, 0.75, 0.75 ]
    	},
		"fixed": {
			"rotation": [ 0, 0, 0 ],
			"translation": [ 0, 0, 0 ],
			"scale": [ 0.5, 0.5, 0.5 ]
		},
		"gui": {
			"rotation": [ 0, 0, -45 ],
			"translation": [ 0, 0.8, 0 ],
			"scale": [ 0.6, 0.6, 0.6 ]
		},
    	"ground": {
    	    "rotation": [ 0, 0, 0 ],
    	    "translation": [ 0, 4, 0 ],
    	    "scale": [ 0.25, 0.25, 0.25 ]
    	}
	}
}